DATE,Price
03/01/2000,39.95
04/01/2000,39.85
05/01/2000,40.1
06/01/2000,40.7
07/01/2000,40.4
10/01/2000,40.35
11/01/2000,40.8
12/01/2000,40.65
13/01/2000,40.65
14/01/2000,40.6
17/01/2000,40.555
18/01/2000,40.595
19/01/2000,40.65
20/01/2000,40.6
21/01/2000,40.62
24/01/2000,40.55
25/01/2000,40.5
26/01/2000,40.55
27/01/2000,40.4
28/01/2000,40.5
31/01/2000,40.575
01/02/2000,40.6
02/02/2000,40.625
03/02/2000,40.675
04/02/2000,40.6
07/02/2000,40.58
08/02/2000,40.52
09/02/2000,40.5
10/02/2000,40.4
11/02/2000,40.48
14/02/2000,40.375
15/02/2000,40.455
16/02/2000,40.55
17/02/2000,40.585
18/02/2000,40.7
21/02/2000,40.7
22/02/2000,40.75
23/02/2000,40.7
24/02/2000,40.9
25/02/2000,40.9
28/02/2000,41
29/02/2000,41
01/03/2000,41.05
02/03/2000,40.95
03/03/2000,40.9
06/03/2000,40.9
07/03/2000,41.15
08/03/2000,41.05
09/03/2000,41
10/03/2000,40.9
13/03/2000,40.9
14/03/2000,40.95
15/03/2000,41
16/03/2000,41
17/03/2000,40.975
20/03/2000,41
21/03/2000,40.975
22/03/2000,40.925
23/03/2000,40.9
24/03/2000,40.95
27/03/2000,41
28/03/2000,41
29/03/2000,41.03
30/03/2000,41.08
31/03/2000,41.15
03/04/2000,41.18
04/04/2000,41.165
05/04/2000,41.2
06/04/2000,41.155
07/04/2000,41.17
10/04/2000,41.125
11/04/2000,41.125
12/04/2000,41.19
13/04/2000,41.18
14/04/2000,41.225
17/04/2000,41.225
18/04/2000,41.2
19/04/2000,41.24
20/04/2000,41.275
21/04/2000,41.275
24/04/2000,41.3
25/04/2000,41.35
26/04/2000,41.35
27/04/2000,41.335
28/04/2000,41.295
01/05/2000,41.275
02/05/2000,41.295
03/05/2000,41.325
04/05/2000,41.275
05/05/2000,41.35
08/05/2000,41.34
09/05/2000,41.3
10/05/2000,41.43
11/05/2000,41.5
12/05/2000,41.475
15/05/2000,41.565
16/05/2000,41.6
17/05/2000,41.72
18/05/2000,41.73
19/05/2000,41.7
22/05/2000,41.95
23/05/2000,42.375
24/05/2000,43.1
25/05/2000,43.05
26/05/2000,42.9
29/05/2000,42.705
30/05/2000,42.75
31/05/2000,42.65
01/06/2000,42.65
02/06/2000,42.5
05/06/2000,42.3
06/06/2000,42.365
07/06/2000,42.4
08/06/2000,42.45
09/06/2000,42.53
12/06/2000,42.5
13/06/2000,42.4
14/06/2000,42.4
15/06/2000,42.53
16/06/2000,42.58
19/06/2000,42.65
20/06/2000,42.7
21/06/2000,42.8
22/06/2000,42.95
23/06/2000,42.9
26/06/2000,42.9
27/06/2000,43
28/06/2000,43.1
29/06/2000,43.2
30/06/2000,43.25
03/07/2000,43.55
04/07/2000,43.55
05/07/2000,43.75
06/07/2000,43.98
07/07/2000,44.05
10/07/2000,44.3
11/07/2000,44.85
12/07/2000,44.7
13/07/2000,44.75
14/07/2000,44.55
17/07/2000,44.605
18/07/2000,44.58
19/07/2000,44.53
20/07/2000,44.48
21/07/2000,44.4
24/07/2000,44.55
25/07/2000,44.75
26/07/2000,45.05
27/07/2000,44.9
28/07/2000,44.95
31/07/2000,44.9
01/08/2000,44.8
02/08/2000,44.8
03/08/2000,44.65
04/08/2000,44.6
07/08/2000,44.8
08/08/2000,44.88
09/08/2000,44.8
10/08/2000,44.9
11/08/2000,44.78
14/08/2000,44.85
15/08/2000,44.95
16/08/2000,44.97
17/08/2000,44.95
18/08/2000,45
21/08/2000,44.93
22/08/2000,44.965
23/08/2000,44.94
24/08/2000,45
25/08/2000,45.1
28/08/2000,45.025
29/08/2000,45.075
30/08/2000,45.075
31/08/2000,45.105
01/09/2000,45.18
04/09/2000,45.3
05/09/2000,45.625
06/09/2000,45.55
07/09/2000,45.555
08/09/2000,45.55
11/09/2000,45.54
12/09/2000,45.65
13/09/2000,45.65
14/09/2000,45.665
15/09/2000,45.65
18/09/2000,45.85
19/09/2000,45.9
20/09/2000,45.95
21/09/2000,46
22/09/2000,46.05
25/09/2000,46.25
26/09/2000,46.15
27/09/2000,46.175
28/09/2000,46.275
29/09/2000,46.2
02/10/2000,46.25
03/10/2000,46.43
04/10/2000,46.5
05/10/2000,46.4
06/10/2000,46.3
09/10/2000,46.575
10/10/2000,46.85
11/10/2000,47.25
12/10/2000,47.5
13/10/2000,48.6
16/10/2000,48.6
17/10/2000,48.6
18/10/2000,48.75
19/10/2000,48.7
20/10/2000,48.85
23/10/2000,48.95
24/10/2000,49.25
25/10/2000,49.65
26/10/2000,50.65
27/10/2000,51.15
30/10/2000,51.7
31/10/2000,51.15
01/11/2000,51.15
02/11/2000,51
03/11/2000,51
06/11/2000,47.9
07/11/2000,49.25
08/11/2000,50.15
09/11/2000,49.85
10/11/2000,50.15
13/11/2000,50.15
14/11/2000,49.85
15/11/2000,49.85
16/11/2000,49.9
17/11/2000,49.85
20/11/2000,49.82
21/11/2000,49.4
22/11/2000,49.05
23/11/2000,49.4
24/11/2000,49.05
27/11/2000,49.425
28/11/2000,49.475
29/11/2000,49.625
30/11/2000,49.625
01/12/2000,49.7
04/12/2000,49.5
05/12/2000,49.6
06/12/2000,50.1
07/12/2000,50.15
08/12/2000,50.075
11/12/2000,50
12/12/2000,49.875
13/12/2000,50
14/12/2000,50.075
15/12/2000,50.075
18/12/2000,50.125
19/12/2000,50.125
20/12/2000,50.075
21/12/2000,50.1
22/12/2000,50.1
25/12/2000,50.1
26/12/2000,49.45
27/12/2000,49.925
28/12/2000,49.9
29/12/2000,50
02/01/2001,50.95
03/01/2001,50.95
04/01/2001,51
05/01/2001,51.05
08/01/2001,50.975
09/01/2001,50.95
10/01/2001,51.125
11/01/2001,51.3
12/01/2001,51.6
15/01/2001,52.45
16/01/2001,53.2
17/01/2001,54.35
18/01/2001,54.75
19/01/2001,49
22/01/2001,49.25
23/01/2001,49.15
24/01/2001,48.35
25/01/2001,49.2
26/01/2001,49.75
29/01/2001,49.525
30/01/2001,49.55
31/01/2001,48.925
01/02/2001,49.15
02/02/2001,49
05/02/2001,49.1
06/02/2001,48.65
07/02/2001,48.55
08/02/2001,48.2
09/02/2001,48.375
12/02/2001,47.8
13/02/2001,47.65
14/02/2001,48
15/02/2001,47.55
16/02/2001,47.55
19/02/2001,47.9
20/02/2001,47.65
21/02/2001,48.15
22/02/2001,48.3
23/02/2001,48.15
26/02/2001,48.25
27/02/2001,48.25
28/02/2001,48.3
01/03/2001,48.45
02/03/2001,47.975
05/03/2001,47.975
06/03/2001,47.65
07/03/2001,48.125
08/03/2001,47.9
09/03/2001,48.05
12/03/2001,48.125
13/03/2001,48.15
14/03/2001,48.2
15/03/2001,48.45
16/03/2001,48.5
19/03/2001,48.48
20/03/2001,48.45
21/03/2001,48.45
22/03/2001,49.025
23/03/2001,49.055
26/03/2001,49.125
27/03/2001,49.175
28/03/2001,49.25
29/03/2001,49.35
30/03/2001,49.525
02/04/2001,49.775
03/04/2001,49.725
04/04/2001,50.075
05/04/2001,50.125
06/04/2001,50.15
09/04/2001,50.125
10/04/2001,49.9
11/04/2001,49.875
12/04/2001,49.85
13/04/2001,49.85
16/04/2001,50.2
17/04/2001,50.275
18/04/2001,50.1
19/04/2001,50
20/04/2001,50.3
23/04/2001,50.475
24/04/2001,50.4
25/04/2001,50.575
26/04/2001,51
27/04/2001,50.9
30/04/2001,51.4
01/05/2001,51.375
02/05/2001,50.725
03/05/2001,50.175
04/05/2001,50.4
07/05/2001,50.45
08/05/2001,50.425
09/05/2001,50.65
10/05/2001,50.55
11/05/2001,50.25
14/05/2001,50.3
15/05/2001,50.2
16/05/2001,50.15
17/05/2001,50.25
18/05/2001,50.325
21/05/2001,50.85
22/05/2001,50.575
23/05/2001,50.35
24/05/2001,50.3
25/05/2001,50.525
28/05/2001,50.8
29/05/2001,50.5
30/05/2001,50.6
31/05/2001,50.5
01/06/2001,50.75
04/06/2001,50.75
05/06/2001,50.625
06/06/2001,50.725
07/06/2001,50.7
08/06/2001,50.9
11/06/2001,51.2
12/06/2001,51.25
13/06/2001,51.35
14/06/2001,51.3
15/06/2001,51.35
18/06/2001,52.05
19/06/2001,52.25
20/06/2001,52.25
21/06/2001,52.2
22/06/2001,52.2
25/06/2001,52.25
26/06/2001,52.28
27/06/2001,52.355
28/06/2001,52.4
29/06/2001,52.425
02/07/2001,52.75
03/07/2001,52.95
04/07/2001,52.95
05/07/2001,52.975
06/07/2001,52.87
09/07/2001,52.82
10/07/2001,52.88
11/07/2001,53.07
12/07/2001,53.08
13/07/2001,53.08
16/07/2001,53.775
17/07/2001,53.95
18/07/2001,53.8
19/07/2001,53.2
20/07/2001,53.2
23/07/2001,53.43
24/07/2001,53.55
25/07/2001,53.6
26/07/2001,53.45
27/07/2001,53.45
30/07/2001,53.375
31/07/2001,53.55
01/08/2001,53.75
02/08/2001,53.625
03/08/2001,53.425
06/08/2001,53.225
07/08/2001,53.3
08/08/2001,53.2
09/08/2001,52.95
10/08/2001,51.85
13/08/2001,51.23
14/08/2001,51.23
15/08/2001,51.23
16/08/2001,51
17/08/2001,51.2
20/08/2001,51.275
21/08/2001,51.225
22/08/2001,50.95
23/08/2001,51.05
24/08/2001,51.05
27/08/2001,51.15
28/08/2001,51.2
29/08/2001,51.2
30/08/2001,51.225
31/08/2001,51
03/09/2001,50.96
04/09/2001,51.15
05/09/2001,51.2
06/09/2001,51.35
07/09/2001,51.4
10/09/2001,51.225
11/09/2001,51.3
12/09/2001,51.2
13/09/2001,51.27
14/09/2001,51.35
17/09/2001,51.275
18/09/2001,51.45
19/09/2001,51.375
20/09/2001,51.3
21/09/2001,51.25
24/09/2001,51.2
25/09/2001,51.25
26/09/2001,51.35
27/09/2001,51.35
28/09/2001,51.35
01/10/2001,51.4
02/10/2001,51.625
03/10/2001,51.625
04/10/2001,51.525
05/10/2001,51.525
08/10/2001,51.6
09/10/2001,51.775
10/10/2001,51.775
11/10/2001,51.725
12/10/2001,51.775
15/10/2001,51.825
16/10/2001,51.75
17/10/2001,51.75
18/10/2001,51.65
19/10/2001,51.875
22/10/2001,51.775
23/10/2001,51.95
24/10/2001,51.9
25/10/2001,52.05
26/10/2001,52.05
29/10/2001,51.925
30/10/2001,51.95
31/10/2001,51.95
01/11/2001,51.975
02/11/2001,51.95
05/11/2001,51.95
06/11/2001,51.95
07/11/2001,51.875
08/11/2001,51.775
09/11/2001,51.925
12/11/2001,52.05
13/11/2001,52.07
14/11/2001,52.07
15/11/2001,52.07
16/11/2001,51.95
19/11/2001,52.15
20/11/2001,52.075
21/11/2001,52.025
22/11/2001,51.95
23/11/2001,52
26/11/2001,51.9
27/11/2001,52.05
28/11/2001,51.95
29/11/2001,51.95
30/11/2001,51.95
03/12/2001,52
04/12/2001,51.95
05/12/2001,52
06/12/2001,52
07/12/2001,51.95
10/12/2001,51.95
11/12/2001,51.95
12/12/2001,51.995
13/12/2001,51.995
14/12/2001,52.055
17/12/2001,52.055
18/12/2001,51.55
19/12/2001,51.35
20/12/2001,50.85
21/12/2001,51.2
24/12/2001,51.2
25/12/2001,51.2
26/12/2001,51.2
27/12/2001,51.2
28/12/2001,51.58
31/12/2001,51.55
02/01/2002,51.7
03/01/2002,51.6
04/01/2002,51.625
07/01/2002,51.45
08/01/2002,51.7
09/01/2002,51.55
10/01/2002,51.35
11/01/2002,51.275
14/01/2002,51.325
15/01/2002,51.25
16/01/2002,51.25
17/01/2002,51.4
18/01/2002,51.325
21/01/2002,51.25
22/01/2002,51.25
23/01/2002,51.35
24/01/2002,51.325
25/01/2002,51.3
28/01/2002,51.25
29/01/2002,51.15
30/01/2002,51.225
31/01/2002,51.225
01/02/2002,51.3
04/02/2002,51.25
05/02/2002,51.25
06/02/2002,51.25
07/02/2002,51.2
08/02/2002,51.225
11/02/2002,51.3
12/02/2002,51.35
13/02/2002,51.375
14/02/2002,51.3
15/02/2002,51.225
18/02/2002,51.25
19/02/2002,51.3
20/02/2002,51.3
21/02/2002,51.325
22/02/2002,51.375
25/02/2002,51.375
26/02/2002,51.325
27/02/2002,51.345
28/02/2002,51.25
01/03/2002,51.075
04/03/2002,51.075
05/03/2002,51.15
06/03/2002,51.1
07/03/2002,51
08/03/2002,51
11/03/2002,51
12/03/2002,50.875
13/03/2002,50.93
14/03/2002,50.925
15/03/2002,50.955
18/03/2002,51.025
19/03/2002,51.125
20/03/2002,51.125
21/03/2002,51.05
22/03/2002,51.115
25/03/2002,51.125
26/03/2002,51.155
27/03/2002,51.03
28/03/2002,51.02
29/03/2002,51.02
01/04/2002,51
02/04/2002,51
03/04/2002,51.155
04/04/2002,51.02
05/04/2002,51.075
08/04/2002,51.025
09/04/2002,51.025
10/04/2002,50.895
11/04/2002,50.985
12/04/2002,51.005
15/04/2002,50.975
16/04/2002,50.995
17/04/2002,50.995
18/04/2002,50.905
19/04/2002,50.84
22/04/2002,50.975
23/04/2002,50.975
24/04/2002,50.925
25/04/2002,50.875
26/04/2002,50.895
29/04/2002,50.675
30/04/2002,50.625
01/05/2002,50.575
02/05/2002,50.215
03/05/2002,50.075
06/05/2002,49.775
07/05/2002,49.625
08/05/2002,49.825
09/05/2002,49.895
10/05/2002,49.625
13/05/2002,49.505
14/05/2002,49.6
15/05/2002,49.645
16/05/2002,49.525
17/05/2002,49.455
20/05/2002,49.325
21/05/2002,49.455
22/05/2002,49.775
23/05/2002,49.835
24/05/2002,50.355
27/05/2002,50.55
28/05/2002,50.075
29/05/2002,50.075
30/05/2002,49.895
31/05/2002,50.175
03/06/2002,50.355
04/06/2002,50.425
05/06/2002,50.895
06/06/2002,50.925
07/06/2002,50.64
10/06/2002,50.575
11/06/2002,50.445
12/06/2002,50.445
13/06/2002,50.445
14/06/2002,50.445
17/06/2002,50.245
18/06/2002,50.145
19/06/2002,50.205
20/06/2002,50.245
21/06/2002,50.325
24/06/2002,50.325
25/06/2002,50.325
26/06/2002,50.325
27/06/2002,50.325
28/06/2002,50.325
01/07/2002,50.375
02/07/2002,50.725
03/07/2002,50.725
04/07/2002,50.57
05/07/2002,50.725
08/07/2002,50.445
09/07/2002,50.445
10/07/2002,50.225
11/07/2002,50.325
12/07/2002,50.485
15/07/2002,50.425
16/07/2002,50.425
17/07/2002,50.375
18/07/2002,50.375
19/07/2002,50.375
22/07/2002,50.375
23/07/2002,50.475
24/07/2002,50.725
25/07/2002,50.675
26/07/2002,51.325
29/07/2002,51.495
30/07/2002,51.175
31/07/2002,51.275
01/08/2002,51.175
02/08/2002,51.295
05/08/2002,51.525
06/08/2002,51.775
07/08/2002,51.675
08/08/2002,51.775
09/08/2002,51.625
12/08/2002,51.725
13/08/2002,51.875
14/08/2002,51.745
15/08/2002,51.775
16/08/2002,51.795
19/08/2002,51.925
20/08/2002,51.925
21/08/2002,51.975
22/08/2002,52.125
23/08/2002,52.375
26/08/2002,52.225
27/08/2002,52.125
28/08/2002,51.905
29/08/2002,51.775
30/08/2002,51.845
02/09/2002,51.775
03/09/2002,51.67
04/09/2002,51.825
05/09/2002,51.725
06/09/2002,51.875
09/09/2002,51.935
10/09/2002,51.975
11/09/2002,51.975
12/09/2002,51.975
13/09/2002,52.225
16/09/2002,52.425
17/09/2002,52.445
18/09/2002,52.295
19/09/2002,52.295
20/09/2002,52.475
23/09/2002,52.325
24/09/2002,52.375
25/09/2002,52.405
26/09/2002,52.475
27/09/2002,52.445
30/09/2002,52.425
01/10/2002,52.445
02/10/2002,52.675
03/10/2002,52.675
04/10/2002,52.675
07/10/2002,52.875
08/10/2002,52.695
09/10/2002,52.675
10/10/2002,52.725
11/10/2002,52.775
14/10/2002,53.025
15/10/2002,53.125
16/10/2002,52.925
17/10/2002,52.975
18/10/2002,53.285
21/10/2002,53.195
22/10/2002,53.275
23/10/2002,53.025
24/10/2002,53.125
25/10/2002,53.125
28/10/2002,53.075
29/10/2002,53.125
30/10/2002,53.125
31/10/2002,53.125
01/11/2002,53.125
04/11/2002,52.995
05/11/2002,52.825
06/11/2002,52.955
07/11/2002,52.895
08/11/2002,52.875
11/11/2002,52.95
12/11/2002,53.275
13/11/2002,53.275
14/11/2002,53.375
15/11/2002,53.375
18/11/2002,53.375
19/11/2002,53.425
20/11/2002,53.675
21/11/2002,53.475
22/11/2002,53.825
25/11/2002,53.825
26/11/2002,53.625
27/11/2002,53.625
28/11/2002,53.59
29/11/2002,53.525
02/12/2002,53.505
03/12/2002,53.525
04/12/2002,53.575
05/12/2002,53.475
06/12/2002,53.475
09/12/2002,53.275
10/12/2002,53.325
11/12/2002,53.325
12/12/2002,53.325
13/12/2002,53.575
16/12/2002,53.655
17/12/2002,53.725
18/12/2002,53.675
19/12/2002,53.725
20/12/2002,53.725
23/12/2002,53.375
24/12/2002,53.375
25/12/2002,53.375
26/12/2002,53.055
27/12/2002,53.325
30/12/2002,53.175
31/12/2002,53.385
01/01/2003,53.385
02/01/2003,53.475
03/01/2003,53.505
06/01/2003,53.505
07/01/2003,53.475
08/01/2003,53.525
09/01/2003,53.595
10/01/2003,53.525
13/01/2003,53.525
14/01/2003,53.375
15/01/2003,53.475
16/01/2003,53.475
17/01/2003,53.575
20/01/2003,53.695
21/01/2003,53.625
22/01/2003,53.695
23/01/2003,53.645
24/01/2003,53.575
27/01/2003,53.655
28/01/2003,53.725
29/01/2003,53.745
30/01/2003,53.795
31/01/2003,53.825
03/02/2003,53.925
04/02/2003,53.955
05/02/2003,54
06/02/2003,53.945
07/02/2003,53.975
10/02/2003,53.875
11/02/2003,53.89
12/02/2003,53.925
13/02/2003,53.975
14/02/2003,53.955
17/02/2003,54.205
18/02/2003,54.175
19/02/2003,54.275
20/02/2003,54.225
21/02/2003,54.255
24/02/2003,54.375
25/02/2003,54.325
26/02/2003,54.345
27/02/2003,54.355
28/02/2003,54.525
03/03/2003,54.555
04/03/2003,54.525
05/03/2003,54.775
06/03/2003,54.875
07/03/2003,54.805
10/03/2003,54.905
11/03/2003,54.875
12/03/2003,55.075
13/03/2003,54.945
14/03/2003,54.775
17/03/2003,54.875
18/03/2003,55.025
19/03/2003,55.035
20/03/2003,54.625
21/03/2003,54.425
24/03/2003,54.5
25/03/2003,54.305
26/03/2003,53.695
27/03/2003,53.33
28/03/2003,53.545
31/03/2003,53.525
01/04/2003,53.335
02/04/2003,53.225
03/04/2003,53.075
04/04/2003,53.225
07/04/2003,53.275
08/04/2003,52.925
09/04/2003,52.575
10/04/2003,52.525
11/04/2003,52.475
14/04/2003,52.575
15/04/2003,52.375
16/04/2003,52.245
17/04/2003,52.175
18/04/2003,52.175
21/04/2003,52.325
22/04/2003,52.475
23/04/2003,52.525
24/04/2003,52.825
25/04/2003,53.075
28/04/2003,52.875
29/04/2003,52.825
30/04/2003,52.475
01/05/2003,52.475
02/05/2003,52.475
05/05/2003,52.375
06/05/2003,52.175
07/05/2003,51.975
08/05/2003,51.975
09/05/2003,52.225
12/05/2003,51.975
13/05/2003,52.075
14/05/2003,52.025
15/05/2003,52.025
16/05/2003,52.475
19/05/2003,52.425
20/05/2003,52.725
21/05/2003,52.645
22/05/2003,52.825
23/05/2003,52.775
26/05/2003,52.795
27/05/2003,52.875
28/05/2003,53.075
29/05/2003,53.225
30/05/2003,53.175
02/06/2003,53.175
03/06/2003,53.125
04/06/2003,53.125
05/06/2003,53.175
06/06/2003,53.375
09/06/2003,53.275
10/06/2003,53.325
11/06/2003,53.475
12/06/2003,53.525
13/06/2003,53.475
16/06/2003,53.375
17/06/2003,53.425
18/06/2003,53.425
19/06/2003,53.4
20/06/2003,53.275
23/06/2003,53.355
24/06/2003,53.425
25/06/2003,53.275
26/06/2003,53.575
27/06/2003,53.575
30/06/2003,53.475
01/07/2003,53.385
02/07/2003,53.325
03/07/2003,53.325
04/07/2003,53.375
07/07/2003,53.375
08/07/2003,53.425
09/07/2003,53.475
10/07/2003,53.375
11/07/2003,53.375
14/07/2003,53.525
15/07/2003,53.595
16/07/2003,53.595
17/07/2003,53.425
18/07/2003,53.625
21/07/2003,53.675
22/07/2003,53.775
23/07/2003,53.975
24/07/2003,53.925
25/07/2003,54.025
28/07/2003,54.375
29/07/2003,54.675
30/07/2003,54.675
31/07/2003,54.765
01/08/2003,54.81
04/08/2003,54.71
05/08/2003,54.8
06/08/2003,54.74
07/08/2003,54.625
08/08/2003,54.75
11/08/2003,54.84
12/08/2003,54.875
13/08/2003,54.77
14/08/2003,54.9
15/08/2003,55.075
18/08/2003,55.07
19/08/2003,55.125
20/08/2003,55.22
21/08/2003,55.32
22/08/2003,55.23
25/08/2003,55.43
26/08/2003,55.435
27/08/2003,55.36
28/08/2003,54.85
29/08/2003,54.99
01/09/2003,54.925
02/09/2003,54.895
03/09/2003,54.69
04/09/2003,54.825
05/09/2003,54.85
08/09/2003,54.95
09/09/2003,55.13
10/09/2003,54.875
11/09/2003,54.975
12/09/2003,54.925
15/09/2003,54.975
16/09/2003,55.075
17/09/2003,55.055
18/09/2003,55.125
19/09/2003,55.08
22/09/2003,55.075
23/09/2003,54.98
24/09/2003,55.08
25/09/2003,55.15
26/09/2003,55.06
29/09/2003,54.875
30/09/2003,54.88
01/10/2003,54.77
02/10/2003,54.975
03/10/2003,54.85
06/10/2003,54.975
07/10/2003,54.98
08/10/2003,54.98
09/10/2003,54.875
10/10/2003,54.725
13/10/2003,54.6
14/10/2003,54.7
15/10/2003,54.6
16/10/2003,54.7
17/10/2003,54.62
20/10/2003,54.71
21/10/2003,54.8
22/10/2003,55.15
23/10/2003,55.28
24/10/2003,55.33
27/10/2003,55.45
28/10/2003,55.37
29/10/2003,55.3
30/10/2003,55.3
31/10/2003,55.4
03/11/2003,55.51
04/11/2003,55.405
05/11/2003,55.23
06/11/2003,55.175
07/11/2003,55.12
10/11/2003,55.275
11/11/2003,55.175
12/11/2003,55.33
13/11/2003,55.275
14/11/2003,55.375
17/11/2003,55.375
18/11/2003,55.355
19/11/2003,55.39
20/11/2003,55.325
21/11/2003,55.555
24/11/2003,55.575
25/11/2003,55.53
26/11/2003,55.625
27/11/2003,55.7
28/11/2003,55.675
01/12/2003,55.525
02/12/2003,55.495
03/12/2003,55.4
04/12/2003,55.31
05/12/2003,55.33
08/12/2003,55.37
09/12/2003,55.33
10/12/2003,55.4
11/12/2003,55.43
12/12/2003,55.34
15/12/2003,55.42
16/12/2003,55.485
17/12/2003,55.375
18/12/2003,55.375
19/12/2003,55.375
22/12/2003,55.555
23/12/2003,55.53
24/12/2003,55.5
25/12/2003,55.5
26/12/2003,55.53
29/12/2003,55.545
30/12/2003,55.505
31/12/2003,55.54
02/01/2004,55.505
05/01/2004,55.23
06/01/2004,55.2
07/01/2004,55.285
08/01/2004,55.175
09/01/2004,55.275
12/01/2004,55.325
13/01/2004,55.325
14/01/2004,55.48
15/01/2004,55.515
16/01/2004,55.525
19/01/2004,55.625
20/01/2004,55.58
21/01/2004,55.535
22/01/2004,55.69
23/01/2004,55.645
26/01/2004,55.87
27/01/2004,55.685
28/01/2004,55.855
29/01/2004,56.03
30/01/2004,55.8
02/02/2004,55.995
03/02/2004,56.27
04/02/2004,56.08
05/02/2004,55.925
06/02/2004,55.925
09/02/2004,55.93
10/02/2004,55.88
11/02/2004,55.925
12/02/2004,55.975
13/02/2004,56.08
16/02/2004,56.095
17/02/2004,56.03
18/02/2004,56.13
19/02/2004,56.175
20/02/2004,56.38
23/02/2004,56.23
24/02/2004,56.18
25/02/2004,56.225
26/02/2004,56.275
27/02/2004,56.35
01/03/2004,56.33
02/03/2004,56.38
03/03/2004,56.25
04/03/2004,56.26
05/03/2004,56.3
08/03/2004,56.275
09/03/2004,56.275
10/03/2004,56.26
11/03/2004,56.175
12/03/2004,56.37
15/03/2004,56.345
16/03/2004,56.28
17/03/2004,56.275
18/03/2004,56.215
19/03/2004,56.43
22/03/2004,56.46
23/03/2004,56.375
24/03/2004,56.36
25/03/2004,56.425
26/03/2004,56.41
29/03/2004,56.375
30/03/2004,56.315
31/03/2004,56.175
01/04/2004,56.18
02/04/2004,56.275
05/04/2004,56.325
06/04/2004,56.275
07/04/2004,56.25
08/04/2004,56.275
09/04/2004,56.28
12/04/2004,56.125
13/04/2004,55.81
14/04/2004,55.825
15/04/2004,55.82
16/04/2004,55.78
19/04/2004,55.62
20/04/2004,55.675
21/04/2004,55.825
22/04/2004,55.87
23/04/2004,55.75
26/04/2004,55.66
27/04/2004,55.6
28/04/2004,55.8
29/04/2004,55.995
30/04/2004,56.02
03/05/2004,55.8
04/05/2004,55.675
05/05/2004,55.375
06/05/2004,55.7
07/05/2004,55.695
10/05/2004,55.89
11/05/2004,55.85
12/05/2004,55.8
13/05/2004,55.9
14/05/2004,55.955
17/05/2004,55.875
18/05/2004,55.865
19/05/2004,55.725
20/05/2004,55.85
21/05/2004,55.88
24/05/2004,55.87
25/05/2004,55.955
26/05/2004,55.95
27/05/2004,55.785
28/05/2004,55.9
31/05/2004,55.77
01/06/2004,55.65
02/06/2004,55.8
03/06/2004,55.775
04/06/2004,55.9
07/06/2004,55.83
08/06/2004,55.675
09/06/2004,55.74
10/06/2004,55.71
11/06/2004,55.885
14/06/2004,55.91
15/06/2004,55.875
16/06/2004,56.225
17/06/2004,56.3
18/06/2004,56.425
21/06/2004,56.19
22/06/2004,56.225
23/06/2004,56.24
24/06/2004,55.885
25/06/2004,56.08
28/06/2004,56.175
29/06/2004,56.325
30/06/2004,56.03
01/07/2004,56.035
02/07/2004,55.95
05/07/2004,55.775
06/07/2004,55.96
07/07/2004,55.945
08/07/2004,55.85
09/07/2004,55.795
12/07/2004,55.775
13/07/2004,55.8
14/07/2004,55.93
15/07/2004,56.01
16/07/2004,56.03
19/07/2004,55.89
20/07/2004,55.905
21/07/2004,55.94
22/07/2004,56.025
23/07/2004,56.1
26/07/2004,56.125
27/07/2004,56.15
28/07/2004,55.955
29/07/2004,56
30/07/2004,56
02/08/2004,55.84
03/08/2004,55.73
04/08/2004,55.85
05/08/2004,55.73
06/08/2004,55.725
09/08/2004,55.73
10/08/2004,55.8
11/08/2004,55.7
12/08/2004,55.695
13/08/2004,55.69
16/08/2004,55.77
17/08/2004,55.67
18/08/2004,55.73
19/08/2004,55.77
20/08/2004,55.715
23/08/2004,55.82
24/08/2004,56.01
25/08/2004,55.995
26/08/2004,56
27/08/2004,56.165
30/08/2004,56.16
31/08/2004,56.1
01/09/2004,56.225
02/09/2004,56.15
03/09/2004,56.125
06/09/2004,56.125
07/09/2004,56.095
08/09/2004,56.055
09/09/2004,56.1
10/09/2004,56.15
13/09/2004,56.15
14/09/2004,56.2
15/09/2004,56.15
16/09/2004,56.105
17/09/2004,56.23
20/09/2004,56.2
21/09/2004,56.275
22/09/2004,56.36
23/09/2004,56.365
24/09/2004,56.41
27/09/2004,56.42
28/09/2004,56.45
29/09/2004,56.325
30/09/2004,56.21
01/10/2004,56.325
04/10/2004,56.275
05/10/2004,56.35
06/10/2004,56.285
07/10/2004,56.375
08/10/2004,56.3
11/10/2004,56.325
12/10/2004,56.33
13/10/2004,56.29
14/10/2004,56.455
15/10/2004,56.39
18/10/2004,56.375
19/10/2004,56.385
20/10/2004,56.32
21/10/2004,56.275
22/10/2004,56.28
25/10/2004,56.3
26/10/2004,56.37
27/10/2004,56.44
28/10/2004,56.39
29/10/2004,56.28
01/11/2004,56.28
02/11/2004,56.3
03/11/2004,56.35
04/11/2004,56.4
05/11/2004,56.35
08/11/2004,56.255
09/11/2004,56.2
10/11/2004,56.4
11/11/2004,56.33
12/11/2004,56.29
15/11/2004,56.33
16/11/2004,56.3
17/11/2004,56.305
18/11/2004,56.32
19/11/2004,56.335
22/11/2004,56.265
23/11/2004,56.27
24/11/2004,56.3
25/11/2004,56.27
26/11/2004,56.175
29/11/2004,56.15
30/11/2004,56.18
01/12/2004,56.11
02/12/2004,56.12
03/12/2004,56.01
06/12/2004,56.03
07/12/2004,56.09
08/12/2004,56.02
09/12/2004,56.03
10/12/2004,56.275
13/12/2004,56.295
14/12/2004,56.29
15/12/2004,56.26
16/12/2004,56.34
17/12/2004,56.27
20/12/2004,56.175
21/12/2004,56.2
22/12/2004,56.105
23/12/2004,56.13
24/12/2004,56.075
27/12/2004,56.105
28/12/2004,56.31
29/12/2004,56.3
30/12/2004,56.165
31/12/2004,56.125
03/01/2005,56.16
04/01/2005,56.18
05/01/2005,56.155
06/01/2005,56.18
07/01/2005,56.2
10/01/2005,56.15
11/01/2005,56.125
12/01/2005,55.875
13/01/2005,55.625
14/01/2005,55.88
17/01/2005,55.51
18/01/2005,55.6
19/01/2005,55.59
20/01/2005,55.46
21/01/2005,55.45
24/01/2005,55.39
25/01/2005,55.41
26/01/2005,55.29
27/01/2005,55.13
28/01/2005,55.11
31/01/2005,55.08
01/02/2005,55.01
02/02/2005,54.925
03/02/2005,54.85
04/02/2005,54.625
07/02/2005,54.58
08/02/2005,54.93
09/02/2005,54.91
10/02/2005,54.725
11/02/2005,54.77
14/02/2005,54.52
15/02/2005,54.705
16/02/2005,55.05
17/02/2005,54.825
18/02/2005,54.6
21/02/2005,54.875
22/02/2005,54.63
23/02/2005,54.655
24/02/2005,54.755
25/02/2005,54.68
28/02/2005,54.67
01/03/2005,54.78
02/03/2005,54.73
03/03/2005,54.88
04/03/2005,54.85
07/03/2005,54.625
08/03/2005,54.525
09/03/2005,54.375
10/03/2005,54.255
11/03/2005,54.075
14/03/2005,53.975
15/03/2005,54.075
16/03/2005,53.975
17/03/2005,54.075
18/03/2005,54.25
21/03/2005,54.195
22/03/2005,54.13
23/03/2005,54.21
24/03/2005,54.31
25/03/2005,54.21
28/03/2005,54.49
29/03/2005,54.6
30/03/2005,54.67
31/03/2005,54.8
01/04/2005,54.79
04/04/2005,54.72
05/04/2005,54.75
06/04/2005,54.725
07/04/2005,54.6
08/04/2005,54.59
11/04/2005,54.31
12/04/2005,54.2
13/04/2005,54.08
14/04/2005,54.375
15/04/2005,54.58
18/04/2005,54.6
19/04/2005,54.395
20/04/2005,54.35
21/04/2005,54.495
22/04/2005,54.2
25/04/2005,54.1
26/04/2005,54.35
27/04/2005,54.38
28/04/2005,54.365
29/04/2005,54.07
02/05/2005,54.095
03/05/2005,54.235
04/05/2005,54.1
05/05/2005,53.95
06/05/2005,54.1
09/05/2005,54.12
10/05/2005,54.2
11/05/2005,54.22
12/05/2005,54.275
13/05/2005,54.205
16/05/2005,54.375
17/05/2005,54.33
18/05/2005,54.45
19/05/2005,54.6
20/05/2005,54.58
23/05/2005,54.55
24/05/2005,54.52
25/05/2005,54.48
26/05/2005,54.45
27/05/2005,54.375
30/05/2005,54.35
31/05/2005,54.45
01/06/2005,54.525
02/06/2005,54.52
03/06/2005,54.55
06/06/2005,54.54
07/06/2005,54.5
08/06/2005,54.725
09/06/2005,54.73
10/06/2005,55
13/06/2005,55.15
14/06/2005,55.3
15/06/2005,55.24
16/06/2005,55.34
17/06/2005,55.4
20/06/2005,55.71
21/06/2005,55.65
22/06/2005,55.55
23/06/2005,55.57
24/06/2005,55.6
27/06/2005,55.65
28/06/2005,55.72
29/06/2005,55.935
30/06/2005,55.975
01/07/2005,56
04/07/2005,56.2
05/07/2005,56.175
06/07/2005,56.16
07/07/2005,56.225
08/07/2005,56.085
11/07/2005,56.18
12/07/2005,55.975
13/07/2005,56.21
14/07/2005,55.9
15/07/2005,55.93
18/07/2005,55.62
19/07/2005,55.715
20/07/2005,55.78
21/07/2005,55.75
22/07/2005,55.885
25/07/2005,55.87
26/07/2005,55.97
27/07/2005,56.15
28/07/2005,56.13
29/07/2005,56.155
01/08/2005,56.175
02/08/2005,56.375
03/08/2005,56.075
04/08/2005,55.83
05/08/2005,55.93
08/08/2005,55.95
09/08/2005,55.9
10/08/2005,55.87
11/08/2005,55.75
12/08/2005,55.7
15/08/2005,55.75
16/08/2005,55.845
17/08/2005,55.89
18/08/2005,55.91
19/08/2005,55.99
22/08/2005,55.9
23/08/2005,55.95
24/08/2005,55.975
25/08/2005,56.05
26/08/2005,55.975
29/08/2005,56.025
30/08/2005,56.23
31/08/2005,56.275
01/09/2005,56.165
02/09/2005,56.095
05/09/2005,56.15
06/09/2005,56.275
07/09/2005,56.08
08/09/2005,56.15
09/09/2005,56.075
12/09/2005,56
13/09/2005,55.9
14/09/2005,55.91
15/09/2005,56.075
16/09/2005,56.21
19/09/2005,56.285
20/09/2005,56.225
21/09/2005,56.275
22/09/2005,56.33
23/09/2005,56.25
26/09/2005,56.25
27/09/2005,56.33
28/09/2005,56.03
29/09/2005,56.08
30/09/2005,56.03
03/10/2005,56.01
04/10/2005,55.975
05/10/2005,55.875
06/10/2005,55.775
07/10/2005,55.8
10/10/2005,55.75
11/10/2005,55.81
12/10/2005,55.83
13/10/2005,55.81
14/10/2005,55.84
17/10/2005,55.835
18/10/2005,55.72
19/10/2005,55.71
20/10/2005,55.705
21/10/2005,55.45
24/10/2005,55.47
25/10/2005,55.2
26/10/2005,55.025
27/10/2005,55.075
28/10/2005,54.985
31/10/2005,54.92
01/11/2005,54.97
02/11/2005,54.71
03/11/2005,54.63
04/11/2005,54.725
07/11/2005,54.66
08/11/2005,54.65
09/11/2005,54.67
10/11/2005,54.6
11/11/2005,54.39
14/11/2005,54.6
15/11/2005,54.53
16/11/2005,54.47
17/11/2005,54.425
18/11/2005,54.525
21/11/2005,54.8
22/11/2005,54.39
23/11/2005,54.31
24/11/2005,54.27
25/11/2005,54.175
28/11/2005,54.12
29/11/2005,53.91
30/11/2005,54.01
01/12/2005,54.21
02/12/2005,54.05
05/12/2005,53.9
06/12/2005,53.83
07/12/2005,53.8
08/12/2005,53.575
09/12/2005,53.37
12/12/2005,53.525
13/12/2005,53.625
14/12/2005,53.5
15/12/2005,53.13
16/12/2005,53.4
19/12/2005,53.23
20/12/2005,53.355
21/12/2005,53.435
22/12/2005,53.37
23/12/2005,53.43
26/12/2005,53.5
27/12/2005,53.22
28/12/2005,53.095
29/12/2005,53.085
30/12/2005,53.03
02/01/2006,53.045
03/01/2006,52.56
04/01/2006,52.375
05/01/2006,52.365
06/01/2006,52.43
09/01/2006,52.48
10/01/2006,52.5
11/01/2006,52.38
12/01/2006,52.3
13/01/2006,52.225
16/01/2006,52.3
17/01/2006,52.575
18/01/2006,52.65
19/01/2006,52.78
20/01/2006,52.825
23/01/2006,52.84
24/01/2006,52.58
25/01/2006,52.475
26/01/2006,52.43
27/01/2006,52.44
30/01/2006,52.225
31/01/2006,52.085
01/02/2006,52.02
02/02/2006,52.07
03/02/2006,51.825
06/02/2006,51.57
07/02/2006,51.625
08/02/2006,51.675
09/02/2006,51.43
10/02/2006,51.485
13/02/2006,51.555
14/02/2006,51.36
15/02/2006,51.52
16/02/2006,51.68
17/02/2006,51.77
20/02/2006,51.97
21/02/2006,51.85
22/02/2006,51.86
23/02/2006,51.675
24/02/2006,52.065
27/02/2006,51.8
28/02/2006,51.7
01/03/2006,51.355
02/03/2006,51.2
03/03/2006,51.17
06/03/2006,51.1
07/03/2006,51.08
08/03/2006,51.2
09/03/2006,51.3
10/03/2006,51.25
13/03/2006,51.255
14/03/2006,51.125
15/03/2006,51.04
16/03/2006,51.125
17/03/2006,51.015
20/03/2006,50.88
21/03/2006,51
22/03/2006,51.1
23/03/2006,51.18
24/03/2006,51.2
27/03/2006,51.15
28/03/2006,51.17
29/03/2006,51.275
30/03/2006,51.205
31/03/2006,51.1
03/04/2006,51.095
04/04/2006,51.02
05/04/2006,51.085
06/04/2006,51.1
07/04/2006,51.02
10/04/2006,51.12
11/04/2006,51.23
12/04/2006,51.26
13/04/2006,51.25
14/04/2006,51.28
17/04/2006,51.25
18/04/2006,51.4
19/04/2006,51.325
20/04/2006,51.5
21/04/2006,51.625
24/04/2006,51.62
25/04/2006,51.89
26/04/2006,51.85
27/04/2006,51.78
28/04/2006,51.715
01/05/2006,51.7
02/05/2006,51.65
03/05/2006,51.36
04/05/2006,51.35
05/05/2006,51.525
08/05/2006,51.25
09/05/2006,51.375
10/05/2006,51.39
11/05/2006,51.65
12/05/2006,51.7
15/05/2006,52.24
16/05/2006,52.375
17/05/2006,52.1
18/05/2006,52.55
19/05/2006,52.61
22/05/2006,52.625
23/05/2006,52.7
24/05/2006,52.875
25/05/2006,52.9
26/05/2006,52.76
29/05/2006,52.775
30/05/2006,52.425
31/05/2006,52.86
01/06/2006,52.895
02/06/2006,52.8
05/06/2006,52.75
06/06/2006,52.835
07/06/2006,52.917
08/06/2006,52.9
09/06/2006,53.12
12/06/2006,53.07
13/06/2006,53.31
14/06/2006,53.275
15/06/2006,53.2
16/06/2006,53.123
19/06/2006,53.26
20/06/2006,53.25
21/06/2006,53.2
22/06/2006,53.25
23/06/2006,53.27
26/06/2006,53.37
27/06/2006,53.45
28/06/2006,53.51
29/06/2006,53.52
30/06/2006,53.03
03/07/2006,52.98
04/07/2006,52.657
05/07/2006,52.84
06/07/2006,52.68
07/07/2006,52.375
10/07/2006,52.15
11/07/2006,52.19
12/07/2006,52.21
13/07/2006,52.315
14/07/2006,52.385
17/07/2006,52.73
18/07/2006,52.665
19/07/2006,52.65
20/07/2006,52.28
21/07/2006,52.15
24/07/2006,52.155
25/07/2006,51.875
26/07/2006,51.715
27/07/2006,51.5
28/07/2006,51.51
31/07/2006,51.475
01/08/2006,51.505
02/08/2006,51.57
03/08/2006,51.655
04/08/2006,51.495
07/08/2006,51.395
08/08/2006,51.27
09/08/2006,51.35
10/08/2006,51.295
11/08/2006,51.21
14/08/2006,51.28
15/08/2006,51.45
16/08/2006,51.25
17/08/2006,51.12
18/08/2006,51.13
21/08/2006,51.13
22/08/2006,51.275
23/08/2006,51.3
24/08/2006,51.45
25/08/2006,51.355
28/08/2006,51.16
29/08/2006,51.055
30/08/2006,50.95
31/08/2006,50.8
01/09/2006,50.7
04/09/2006,50.45
05/09/2006,50.35
06/09/2006,50.26
07/09/2006,50.35
08/09/2006,50.47
11/09/2006,50.55
12/09/2006,50.475
13/09/2006,50.45
14/09/2006,50.3
15/09/2006,50.2
18/09/2006,50.15
19/09/2006,50.085
20/09/2006,50.15
21/09/2006,50.05
22/09/2006,50.31
25/09/2006,50.345
26/09/2006,50.325
27/09/2006,50.175
28/09/2006,50.145
29/09/2006,50.13
02/10/2006,49.975
03/10/2006,49.875
04/10/2006,50.01
05/10/2006,49.95
06/10/2006,50
09/10/2006,50.145
10/10/2006,50.05
11/10/2006,50.005
12/10/2006,49.99
13/10/2006,50.015
16/10/2006,50.025
17/10/2006,49.94
18/10/2006,49.935
19/10/2006,50.01
20/10/2006,50.075
23/10/2006,50.055
24/10/2006,50.055
25/10/2006,49.95
26/10/2006,49.845
27/10/2006,49.825
30/10/2006,49.795
31/10/2006,49.84
01/11/2006,49.805
02/11/2006,49.74
03/11/2006,49.71
06/11/2006,49.865
07/11/2006,49.825
08/11/2006,49.875
09/11/2006,49.945
10/11/2006,49.895
13/11/2006,49.75
14/11/2006,49.89
15/11/2006,50.045
16/11/2006,50.125
17/11/2006,49.985
20/11/2006,49.85
21/11/2006,49.815
22/11/2006,49.685
23/11/2006,49.72
24/11/2006,49.71
27/11/2006,49.655
28/11/2006,49.86
29/11/2006,49.705
30/11/2006,49.535
01/12/2006,49.66
04/12/2006,49.735
05/12/2006,49.58
06/12/2006,49.505
07/12/2006,49.415
08/12/2006,49.63
11/12/2006,49.587
12/12/2006,49.49
13/12/2006,49.4
14/12/2006,49.35
15/12/2006,49.34
18/12/2006,49.335
19/12/2006,49.59
20/12/2006,49.45
21/12/2006,49.35
22/12/2006,49.3
25/12/2006,49.4
26/12/2006,49.12
27/12/2006,49.16
28/12/2006,49.17
29/12/2006,49.05
01/01/2007,49.05
02/01/2007,48.875
03/01/2007,48.86
04/01/2007,48.825
05/01/2007,48.86
08/01/2007,48.8
09/01/2007,48.7
10/01/2007,48.895
11/01/2007,49
12/01/2007,48.975
15/01/2007,48.86
16/01/2007,48.675
17/01/2007,48.77
18/01/2007,48.76
19/01/2007,48.815
22/01/2007,48.995
23/01/2007,49
24/01/2007,48.825
25/01/2007,48.905
26/01/2007,49.07
29/01/2007,49.1
30/01/2007,48.915
31/01/2007,48.825
01/02/2007,48.71
02/02/2007,48.705
05/02/2007,48.685
06/02/2007,48.525
07/02/2007,48.35
08/02/2007,48.405
09/02/2007,48.29
12/02/2007,48.35
13/02/2007,48.32
14/02/2007,48.18
15/02/2007,48.14
16/02/2007,47.93
19/02/2007,47.925
20/02/2007,47.93
21/02/2007,48.03
22/02/2007,48.12
23/02/2007,47.95
26/02/2007,48.025
27/02/2007,48.2
28/02/2007,48.3
01/03/2007,48.57
02/03/2007,48.41
05/03/2007,48.575
06/03/2007,48.825
07/03/2007,48.7
08/03/2007,48.425
09/03/2007,48.45
12/03/2007,48.24
13/03/2007,48.32
14/03/2007,48.48
15/03/2007,48.695
16/03/2007,48.585
19/03/2007,48.575
20/03/2007,48.42
21/03/2007,48.25
22/03/2007,47.98
23/03/2007,48.05
26/03/2007,48.025
27/03/2007,48.075
28/03/2007,48.1
29/03/2007,48.145
30/03/2007,48.125
02/04/2007,48.295
03/04/2007,48.15
04/04/2007,47.95
05/04/2007,48.025
06/04/2007,48.025
09/04/2007,47.87
10/04/2007,47.78
11/04/2007,47.935
12/04/2007,47.8
13/04/2007,47.9
16/04/2007,47.63
17/04/2007,47.75
18/04/2007,47.55
19/04/2007,47.6
20/04/2007,47.5
23/04/2007,47.56
24/04/2007,47.515
25/04/2007,47.43
26/04/2007,47.42
27/04/2007,47.4
30/04/2007,47.42
01/05/2007,47.575
02/05/2007,47.575
03/05/2007,47.53
04/05/2007,47.47
07/05/2007,47.3
08/05/2007,47.075
09/05/2007,47.125
10/05/2007,47.15
11/05/2007,47.17
14/05/2007,47.065
15/05/2007,47.02
16/05/2007,46.9
17/05/2007,46.73
18/05/2007,46.465
21/05/2007,46.275
22/05/2007,46.055
23/05/2007,45.85
24/05/2007,46.11
25/05/2007,46.07
28/05/2007,46.05
29/05/2007,46.1
30/05/2007,46.275
31/05/2007,46.25
01/06/2007,46.195
04/06/2007,45.77
05/06/2007,45.75
06/06/2007,45.89
07/06/2007,46.14
08/06/2007,46.65
11/06/2007,46.7
12/06/2007,46.2
13/06/2007,46.48
14/06/2007,46.45
15/06/2007,46.135
18/06/2007,45.8
19/06/2007,45.85
20/06/2007,45.875
21/06/2007,46.05
22/06/2007,46.025
25/06/2007,46.15
26/06/2007,46.35
27/06/2007,46.6
28/06/2007,46.36
29/06/2007,46.22
02/07/2007,45.86
03/07/2007,45.85
04/07/2007,46.05
05/07/2007,46.15
06/07/2007,46.005
09/07/2007,45.975
10/07/2007,45.84
11/07/2007,46.1
12/07/2007,45.96
13/07/2007,45.745
16/07/2007,45.4
17/07/2007,45.075
18/07/2007,45.24
19/07/2007,44.4
20/07/2007,44.6
23/07/2007,44.8
24/07/2007,44.9
25/07/2007,45.05
26/07/2007,45.31
27/07/2007,45.6
30/07/2007,45.52
31/07/2007,45.4
01/08/2007,45.695
02/08/2007,45.75
03/08/2007,45.35
06/08/2007,45.4
07/08/2007,45.35
08/08/2007,45.05
09/08/2007,45.25
10/08/2007,45.65
13/08/2007,45.8
14/08/2007,45.8
15/08/2007,46.2
16/08/2007,46.33
17/08/2007,46.75
20/08/2007,46.71
21/08/2007,46.87
22/08/2007,46.375
23/08/2007,46.67
24/08/2007,46.68
27/08/2007,46.65
28/08/2007,46.75
29/08/2007,46.725
30/08/2007,46.81
31/08/2007,46.475
03/09/2007,46.57
04/09/2007,46.515
05/09/2007,46.62
06/09/2007,46.68
07/09/2007,46.76
10/09/2007,46.6
11/09/2007,47.15
12/09/2007,46.56
13/09/2007,46.46
14/09/2007,46.26
17/09/2007,46.36
18/09/2007,46.1
19/09/2007,45.52
20/09/2007,45.3
21/09/2007,45.21
24/09/2007,45.13
25/09/2007,45.195
26/09/2007,45.095
27/09/2007,45.145
28/09/2007,45.2
01/10/2007,44.775
02/10/2007,44.85
03/10/2007,44.99
04/10/2007,44.925
05/10/2007,44.5
08/10/2007,44.15
09/10/2007,44.35
10/10/2007,44.025
11/10/2007,43.825
12/10/2007,43.65
15/10/2007,44.05
16/10/2007,44.25
17/10/2007,43.975
18/10/2007,43.95
19/10/2007,43.925
22/10/2007,44.025
23/10/2007,44
24/10/2007,44.05
25/10/2007,44.05
26/10/2007,43.95
29/10/2007,43.76
30/10/2007,43.74
31/10/2007,43.425
01/11/2007,43.3
02/11/2007,43.45
05/11/2007,43.7
06/11/2007,43.4
07/11/2007,43.15
08/11/2007,43.355
09/11/2007,42.675
12/11/2007,42.94
13/11/2007,42.82
14/11/2007,42.77
15/11/2007,43.18
16/11/2007,43.3
19/11/2007,43.135
20/11/2007,43.105
21/11/2007,43.085
22/11/2007,43.3
23/11/2007,42.64
26/11/2007,42.65
27/11/2007,42.8
28/11/2007,42.845
29/11/2007,42.525
30/11/2007,42.35
03/12/2007,42.36
04/12/2007,42.24
05/12/2007,41.8
06/12/2007,41.9
07/12/2007,41.6
10/12/2007,41.39
11/12/2007,41.395
12/12/2007,41.125
13/12/2007,41
14/12/2007,40.95
17/12/2007,41.44
18/12/2007,41.8
19/12/2007,41.6
20/12/2007,41.625
21/12/2007,41.33
24/12/2007,41.32
25/12/2007,41.32
26/12/2007,41.32
27/12/2007,41.475
28/12/2007,41.25
31/12/2007,41.23
01/01/2008,41.25
02/01/2008,41.135
03/01/2008,40.95
04/01/2008,40.85
07/01/2008,40.995
08/01/2008,40.625
09/01/2008,40.33
10/01/2008,40.54
11/01/2008,40.5
14/01/2008,40.425
15/01/2008,40.325
16/01/2008,40.72
17/01/2008,40.75
18/01/2008,40.68
21/01/2008,41.025
22/01/2008,41.095
23/01/2008,41.025
24/01/2008,40.95
25/01/2008,40.75
28/01/2008,40.825
29/01/2008,40.45
30/01/2008,40.3
31/01/2008,40.4
01/02/2008,40.275
04/02/2008,40.35
05/02/2008,40.475
06/02/2008,40.325
07/02/2008,40.4
08/02/2008,40.58
11/02/2008,40.825
12/02/2008,40.76
13/02/2008,40.9
14/02/2008,40.93
15/02/2008,40.65
18/02/2008,40.62
19/02/2008,40.6
20/02/2008,40.75
21/02/2008,40.325
22/02/2008,40.575
25/02/2008,40.575
26/02/2008,40.375
27/02/2008,40.225
28/02/2008,40.325
29/02/2008,40.4
03/03/2008,40.9
04/03/2008,40.55
05/03/2008,40.725
06/03/2008,40.4
07/03/2008,40.7
10/03/2008,40.95
11/03/2008,41.05
12/03/2008,41.25
13/03/2008,41.35
14/03/2008,41.35
17/03/2008,41.72
18/03/2008,41.575
19/03/2008,41.52
20/03/2008,41.62
21/03/2008,41.475
24/03/2008,41.5
25/03/2008,41.4
26/03/2008,41.6
27/03/2008,41.58
28/03/2008,41.9
31/03/2008,41.81
01/04/2008,41.56
02/04/2008,41.51
03/04/2008,41.39
04/04/2008,41.55
07/04/2008,41.4
08/04/2008,41.55
09/04/2008,41.7
10/04/2008,41.55
11/04/2008,41.55
14/04/2008,41.795
15/04/2008,42.015
16/04/2008,41.805
17/04/2008,42.015
18/04/2008,41.9
21/04/2008,41.915
22/04/2008,41.925
23/04/2008,41.965
24/04/2008,41.975
25/04/2008,42.085
28/04/2008,42.165
29/04/2008,42.11
30/04/2008,42.215
01/05/2008,42.305
02/05/2008,42.295
05/05/2008,42.07
06/05/2008,42.345
07/05/2008,42.35
08/05/2008,42.475
09/05/2008,42.665
12/05/2008,42.625
13/05/2008,42.795
14/05/2008,42.8
15/05/2008,42.6
16/05/2008,42.685
19/05/2008,42.785
20/05/2008,43.185
21/05/2008,43.215
22/05/2008,43.445
23/05/2008,43.42
26/05/2008,43.54
27/05/2008,43.375
28/05/2008,43.715
29/05/2008,43.965
30/05/2008,43.435
02/06/2008,43.635
03/06/2008,43.785
04/06/2008,44.015
05/06/2008,44.065
06/06/2008,44.1
09/06/2008,44.535
10/06/2008,44.605
11/06/2008,44.3
12/06/2008,44.365
13/06/2008,44.475
16/06/2008,44.515
17/06/2008,44.075
18/06/2008,44.1
19/06/2008,44.435
20/06/2008,44.11
23/06/2008,44.45
24/06/2008,44.515
25/06/2008,44.535
26/06/2008,44.725
27/06/2008,44.785
30/06/2008,44.825
01/07/2008,45.155
02/07/2008,45.075
03/07/2008,45.2
04/07/2008,45.41
07/07/2008,45.555
08/07/2008,45.635
09/07/2008,45.485
10/07/2008,45.665
11/07/2008,45.595
14/07/2008,45.115
15/07/2008,45.325
16/07/2008,45.235
17/07/2008,45.235
18/07/2008,44.23
21/07/2008,44.2
22/07/2008,44.385
23/07/2008,43.835
24/07/2008,44.085
25/07/2008,44.005
28/07/2008,44.05
29/07/2008,44.195
30/07/2008,44.255
31/07/2008,44.245
01/08/2008,44.285
04/08/2008,44.11
05/08/2008,43.975
06/08/2008,43.755
07/08/2008,43.81
08/08/2008,44.355
11/08/2008,44.425
12/08/2008,44.605
13/08/2008,44.855
14/08/2008,44.8
15/08/2008,45.245
18/08/2008,45.315
19/08/2008,45.595
20/08/2008,45.735
21/08/2008,45.425
22/08/2008,45.575
25/08/2008,45.615
26/08/2008,46.055
27/08/2008,45.64
28/08/2008,45.585
29/08/2008,46.025
01/09/2008,46.25
02/09/2008,46.365
03/09/2008,46.505
04/09/2008,46.875
05/09/2008,46.755
08/09/2008,46.575
09/09/2008,46.895
10/09/2008,46.965
11/09/2008,47.065
12/09/2008,46.645
15/09/2008,47.125
16/09/2008,47.267
17/09/2008,47.03
18/09/2008,47.03
19/09/2008,46.475
22/09/2008,46.22
23/09/2008,46.5
24/09/2008,46.31
25/09/2008,46.4
26/09/2008,46.69
29/09/2008,46.925
30/09/2008,47.3
01/10/2008,47.26
02/10/2008,46.925
03/10/2008,47.19
06/10/2008,47.3
07/10/2008,47.4
08/10/2008,47.56
09/10/2008,47.515
10/10/2008,47.76
13/10/2008,47.1
14/10/2008,47.08
15/10/2008,47.455
16/10/2008,48
17/10/2008,47.95
20/10/2008,47.91
21/10/2008,48.165
22/10/2008,48.665
23/10/2008,48.995
24/10/2008,48.75
27/10/2008,49.2
28/10/2008,49.17
29/10/2008,49
30/10/2008,48.7
31/10/2008,48.87
03/11/2008,48.465
04/11/2008,48.425
05/11/2008,47.995
06/11/2008,48.45
07/11/2008,48.35
10/11/2008,48.425
11/11/2008,48.785
12/11/2008,48.94
13/11/2008,49.385
14/11/2008,49.175
17/11/2008,49.665
18/11/2008,49.983
19/11/2008,49.94
20/11/2008,49.965
21/11/2008,49.855
24/11/2008,49.89
25/11/2008,49.475
26/11/2008,49.165
27/11/2008,48.78
28/11/2008,48.95
01/12/2008,48.745
02/12/2008,49.475
03/12/2008,49.165
04/12/2008,49.325
05/12/2008,49.075
08/12/2008,48.6
09/12/2008,48.55
10/12/2008,48.16
11/12/2008,47.85
12/12/2008,48.088
15/12/2008,47.715
16/12/2008,47.4
17/12/2008,47.05
18/12/2008,46.75
19/12/2008,46.7
22/12/2008,47.275
23/12/2008,47.37
24/12/2008,47.46
25/12/2008,47.6
26/12/2008,47.6
29/12/2008,47.475
30/12/2008,47.47
31/12/2008,47.47
01/01/2009,47.6
02/01/2009,47.3
05/01/2009,47.15
06/01/2009,46.95
07/01/2009,46.435
08/01/2009,46.91
09/01/2009,47.075
12/01/2009,47.5
13/01/2009,47.55
14/01/2009,47.085
15/01/2009,47.35
16/01/2009,47.125
19/01/2009,47.13
20/01/2009,47.26
21/01/2009,47.5
22/01/2009,47.35
23/01/2009,47.35
26/01/2009,47.26
27/01/2009,47.025
28/01/2009,46.5
29/01/2009,46.51
30/01/2009,46.475
02/02/2009,46.97
03/02/2009,47.085
04/02/2009,47.26
05/02/2009,47.345
06/02/2009,47.125
09/02/2009,46.925
10/02/2009,46.725
11/02/2009,46.925
12/02/2009,47.26
13/02/2009,47.135
16/02/2009,47.475
17/02/2009,47.825
18/02/2009,47.21
19/02/2009,47.895
20/02/2009,48.23
23/02/2009,48.25
24/02/2009,48.09
25/02/2009,48
26/02/2009,48.27
27/02/2009,48.69
02/03/2009,48.755
03/03/2009,48.73
04/03/2009,48.6
05/03/2009,48.535
06/03/2009,48.65
09/03/2009,48.51
10/03/2009,48.275
11/03/2009,48.22
12/03/2009,48.35
13/03/2009,48.43
16/03/2009,48.27
17/03/2009,48.29
18/03/2009,48.27
19/03/2009,48.25
20/03/2009,48.22
23/03/2009,47.97
24/03/2009,48
25/03/2009,48.15
26/03/2009,48.04
27/03/2009,48.05
30/03/2009,48.53
31/03/2009,48.24
01/04/2009,48.2
02/04/2009,47.935
03/04/2009,47.74
06/04/2009,47.795
07/04/2009,47.72
08/04/2009,48.07
09/04/2009,47.87
10/04/2009,47.85
13/04/2009,47.75
14/04/2009,47.48
15/04/2009,47.7
16/04/2009,47.59
17/04/2009,47.78
20/04/2009,48.18
21/04/2009,48.38
22/04/2009,48.62
23/04/2009,48.525
24/04/2009,48.49
27/04/2009,48.56
28/04/2009,48.4
29/04/2009,48.54
30/04/2009,48.1
01/05/2009,48.075
04/05/2009,48.08
05/05/2009,47.85
06/05/2009,47.675
07/05/2009,47.27
08/05/2009,47.11
11/05/2009,47.12
12/05/2009,47.07
13/05/2009,47.125
14/05/2009,47.725
15/05/2009,47.59
18/05/2009,47.42
19/05/2009,47.07
20/05/2009,47.225
21/05/2009,47.02
22/05/2009,46.87
25/05/2009,47.075
26/05/2009,47.2
27/05/2009,47.225
28/05/2009,47.25
29/05/2009,47.17
01/06/2009,47.005
02/06/2009,47.17
03/06/2009,47.1
04/06/2009,47.09
05/06/2009,47.05
08/06/2009,47.55
09/06/2009,47.4
10/06/2009,47.37
11/06/2009,47.4
12/06/2009,47.55
15/06/2009,48.075
16/06/2009,48.185
17/06/2009,48.24
18/06/2009,48.35
19/06/2009,48.25
22/06/2009,48.225
23/06/2009,48.26
24/06/2009,48.11
25/06/2009,48.28
26/06/2009,48
29/06/2009,48.2
30/06/2009,48.16
01/07/2009,47.97
02/07/2009,48.08
03/07/2009,48.02
06/07/2009,48.2
07/07/2009,48.19
08/07/2009,48.23
09/07/2009,48.23
10/07/2009,48.21
13/07/2009,48.28
14/07/2009,48.14
15/07/2009,47.93
16/07/2009,48.07
17/07/2009,47.94
20/07/2009,47.87
21/07/2009,47.975
22/07/2009,47.945
23/07/2009,48.055
24/07/2009,48.02
27/07/2009,47.975
28/07/2009,47.995
29/07/2009,48.25
30/07/2009,48.025
31/07/2009,48.02
03/08/2009,47.985
04/08/2009,47.775
05/08/2009,47.835
06/08/2009,47.95
07/08/2009,47.92
10/08/2009,47.775
11/08/2009,47.845
12/08/2009,48.055
13/08/2009,47.88
14/08/2009,48.05
17/08/2009,48.5
18/08/2009,48.4
19/08/2009,48.4
20/08/2009,48.45
21/08/2009,48.175
24/08/2009,48.625
25/08/2009,48.175
26/08/2009,48.425
27/08/2009,48.825
28/08/2009,48.875
31/08/2009,48.8
01/09/2009,48.825
02/09/2009,48.7
03/09/2009,48.625
04/09/2009,48.75
07/09/2009,48.855
08/09/2009,48.375
09/09/2009,48.375
10/09/2009,48.2
11/09/2009,48.255
14/09/2009,48.475
15/09/2009,48.75
16/09/2009,48.05
17/09/2009,47.7
18/09/2009,47.7
21/09/2009,47.6
22/09/2009,47.45
23/09/2009,47.26
24/09/2009,47.25
25/09/2009,47.225
28/09/2009,47.575
29/09/2009,47.73
30/09/2009,47.6
01/10/2009,47.26
02/10/2009,47.03
05/10/2009,46.675
06/10/2009,46.525
07/10/2009,46.525
08/10/2009,46.375
09/10/2009,46.525
12/10/2009,46.575
13/10/2009,46.4
14/10/2009,46.425
15/10/2009,46.305
16/10/2009,46.99
19/10/2009,46.675
20/10/2009,46.685
21/10/2009,46.6
22/10/2009,47.43
23/10/2009,46.875
26/10/2009,46.98
27/10/2009,47.32
28/10/2009,47.9
29/10/2009,47.805
30/10/2009,47.475
02/11/2009,47.6
03/11/2009,47.35
04/11/2009,47.45
05/11/2009,47.575
06/11/2009,47.575
09/11/2009,46.89
10/11/2009,46.855
11/11/2009,46.85
12/11/2009,46.825
13/11/2009,46.6
16/11/2009,46.65
17/11/2009,46.6
18/11/2009,46.7
19/11/2009,47.2
20/11/2009,46.9
23/11/2009,46.88
24/11/2009,46.97
25/11/2009,46.975
26/11/2009,47.04
27/11/2009,47.15
30/11/2009,47.105
01/12/2009,47.15
02/12/2009,46.2
03/12/2009,46.2
04/12/2009,46.04
07/12/2009,46.125
08/12/2009,46.2
09/12/2009,46.32
10/12/2009,46.145
11/12/2009,46.05
14/12/2009,46.025
15/12/2009,46.15
16/12/2009,46.175
17/12/2009,46.875
18/12/2009,46.63
21/12/2009,46.6
22/12/2009,46.46
23/12/2009,46.39
24/12/2009,46.46
25/12/2009,46.51
28/12/2009,46.375
29/12/2009,46.465
30/12/2009,46.125
31/12/2009,46.5
01/01/2010,46.25
04/01/2010,45.9
05/01/2010,45.895
06/01/2010,45.815
07/01/2010,45.945
08/01/2010,45.73
11/01/2010,45.45
12/01/2010,45.445
13/01/2010,45.425
14/01/2010,45.65
15/01/2010,45.9
18/01/2010,45.85
19/01/2010,45.725
20/01/2010,46.205
21/01/2010,45.985
22/01/2010,46.225
25/01/2010,46.24
26/01/2010,46.595
27/01/2010,46.795
28/01/2010,46.565
29/01/2010,46.5
01/02/2010,46.58
02/02/2010,46.35
03/02/2010,46.175
04/02/2010,46.5
05/02/2010,46.55
08/02/2010,46.675
09/02/2010,46.23
10/02/2010,46.5
11/02/2010,46.22
12/02/2010,46.36
15/02/2010,46.345
16/02/2010,46.125
17/02/2010,46.11
18/02/2010,46.17
19/02/2010,46.17
22/02/2010,46.19
23/02/2010,46.145
24/02/2010,46.065
25/02/2010,46.25
26/02/2010,46.35
01/03/2010,46.48
02/03/2010,46.2
03/03/2010,45.89
04/03/2010,46.05
05/03/2010,45.94
08/03/2010,45.815
09/03/2010,45.745
10/03/2010,45.63
11/03/2010,45.725
12/03/2010,45.71
15/03/2010,45.785
16/03/2010,45.685
17/03/2010,45.5
18/03/2010,45.665
19/03/2010,45.56
22/03/2010,45.675
23/03/2010,45.675
24/03/2010,45.745
25/03/2010,45.63
26/03/2010,45.55
29/03/2010,45.225
30/03/2010,45.25
31/03/2010,45.175
01/04/2010,45.025
02/04/2010,44.915
05/04/2010,44.885
06/04/2010,44.89
07/04/2010,44.8
08/04/2010,45
09/04/2010,44.75
12/04/2010,44.75
13/04/2010,44.7
14/04/2010,44.32
15/04/2010,44.41
16/04/2010,44.46
19/04/2010,44.59
20/04/2010,44.58
21/04/2010,44.38
22/04/2010,44.34
23/04/2010,44.295
26/04/2010,44.23
27/04/2010,44.29
28/04/2010,44.79
29/04/2010,44.625
30/04/2010,44.5
03/05/2010,44.46
04/05/2010,44.5
05/05/2010,45.245
06/05/2010,45.385
07/05/2010,45.675
10/05/2010,45.54
11/05/2010,45.005
12/05/2010,45.095
13/05/2010,44.81
14/05/2010,45.16
17/05/2010,45.19
18/05/2010,45.3
19/05/2010,45.3
20/05/2010,45.91
21/05/2010,46.585
24/05/2010,46.615
25/05/2010,47.3
26/05/2010,46.75
27/05/2010,46.515
28/05/2010,46.145
31/05/2010,46.26
01/06/2010,46.26
02/06/2010,46.26
03/06/2010,46.395
04/06/2010,46.735
07/06/2010,46.42
08/06/2010,46.69
09/06/2010,46.58
10/06/2010,46.65
11/06/2010,46.415
14/06/2010,46.64
15/06/2010,46.465
16/06/2010,46.18
17/06/2010,46.19
18/06/2010,45.8
21/06/2010,45.495
22/06/2010,45.57
23/06/2010,45.87
24/06/2010,46.085
25/06/2010,46.175
28/06/2010,46.27
29/06/2010,46.44
30/06/2010,46.355
01/07/2010,46.39
02/07/2010,46.59
05/07/2010,46.495
06/07/2010,46.515
07/07/2010,46.52
08/07/2010,46.35
09/07/2010,46.23
12/07/2010,46.22
13/07/2010,46.255
14/07/2010,46.26
15/07/2010,46.315
16/07/2010,46.485
19/07/2010,46.44
20/07/2010,46.4
21/07/2010,46.475
22/07/2010,46.54
23/07/2010,46.335
26/07/2010,45.975
27/07/2010,45.785
28/07/2010,45.895
29/07/2010,45.895
30/07/2010,45.495
02/08/2010,45.4
03/08/2010,45.215
04/08/2010,45.19
05/08/2010,45.005
06/08/2010,44.835
09/08/2010,44.907
10/08/2010,45.055
11/08/2010,45.425
12/08/2010,45.465
13/08/2010,45.285
16/08/2010,45.465
17/08/2010,45.105
18/08/2010,45.05
19/08/2010,44.965
20/08/2010,45.135
23/08/2010,45.02
24/08/2010,45.395
25/08/2010,45.265
26/08/2010,45.265
27/08/2010,44.985
30/08/2010,45.2
31/08/2010,45.24
01/09/2010,45.17
02/09/2010,44.94
03/09/2010,44.475
06/09/2010,44.41
07/09/2010,44.385
08/09/2010,44.28
09/09/2010,44.2
10/09/2010,43.905
13/09/2010,43.9
14/09/2010,44.17
15/09/2010,44.18
16/09/2010,44.33
17/09/2010,44.215
20/09/2010,44.07
21/09/2010,44.005
22/09/2010,43.892
23/09/2010,43.892
24/09/2010,43.805
27/09/2010,43.892
28/09/2010,43.95
29/09/2010,43.9
30/09/2010,43.9
01/10/2010,43.745
04/10/2010,43.695
05/10/2010,43.595
06/10/2010,43.43
07/10/2010,43.55
08/10/2010,43.27
11/10/2010,43.51
12/10/2010,43.49
13/10/2010,43.37
14/10/2010,43.315
15/10/2010,43.34
18/10/2010,43.185
19/10/2010,43.615
20/10/2010,43.29
21/10/2010,43.285
22/10/2010,43.185
25/10/2010,43.035
26/10/2010,43.105
27/10/2010,43.105
28/10/2010,43.105
29/10/2010,42.9
01/11/2010,43.02
02/11/2010,42.545
03/11/2010,42.5
04/11/2010,42.39
05/11/2010,42.63
08/11/2010,43.1
09/11/2010,43.1
10/11/2010,43.405
11/11/2010,43.75
12/11/2010,43.925
15/11/2010,43.775
16/11/2010,43.795
17/11/2010,43.85
18/11/2010,43.5
19/11/2010,43.7
22/11/2010,44.04
23/11/2010,44.305
24/11/2010,44.03
25/11/2010,44.09
26/11/2010,44.15
29/11/2010,44.3
30/11/2010,44.1
01/12/2010,43.64
02/12/2010,43.7
03/12/2010,43.74
06/12/2010,43.81
07/12/2010,43.63
08/12/2010,43.7
09/12/2010,43.61
10/12/2010,43.685
13/12/2010,43.775
14/12/2010,43.83
15/12/2010,43.9
16/12/2010,44.1
17/12/2010,44.28
20/12/2010,44.505
21/12/2010,44.37
22/12/2010,44.23
23/12/2010,44.115
24/12/2010,44.04
27/12/2010,44.04
28/12/2010,43.935
29/12/2010,43.93
30/12/2010,43.79
31/12/2010,43.645
03/01/2011,43.772
04/01/2011,43.55
05/01/2011,43.75
06/01/2011,43.88
07/01/2011,44.2
10/01/2011,44.34
11/01/2011,44
12/01/2011,43.9
13/01/2011,44.13
14/01/2011,44.32
17/01/2011,44.4
18/01/2011,44.515
19/01/2011,44.255
20/01/2011,44.65
21/01/2011,44.45
24/01/2011,44.5
25/01/2011,44.5
26/01/2011,44.3
27/01/2011,44.2
28/01/2011,44.1
31/01/2011,44.27
01/02/2011,44.17
02/02/2011,43.895
03/02/2011,43.805
04/02/2011,43.7
07/02/2011,43.63
08/02/2011,43.405
09/02/2011,43.57
10/02/2011,43.595
11/02/2011,43.805
14/02/2011,43.6
15/02/2011,43.66
16/02/2011,43.55
17/02/2011,43.35
18/02/2011,43.38
21/02/2011,43.41
22/02/2011,43.6
23/02/2011,43.52
24/02/2011,43.85
25/02/2011,43.77
28/02/2011,43.55
01/03/2011,43.405
02/03/2011,43.45
03/03/2011,43.38
04/03/2011,43.275
07/03/2011,43.23
08/03/2011,43.4
09/03/2011,43.3
10/03/2011,43.49
11/03/2011,43.59
14/03/2011,43.55
15/03/2011,43.775
16/03/2011,43.75
17/03/2011,43.82
18/03/2011,43.57
21/03/2011,43.555
22/03/2011,43.332
23/03/2011,43.48
24/03/2011,43.43
25/03/2011,43.25
28/03/2011,43.51
29/03/2011,43.41
30/03/2011,43.425
31/03/2011,43.455
01/04/2011,43.3
04/04/2011,43.31
05/04/2011,43.36
06/04/2011,43.127
07/04/2011,43.1
08/04/2011,42.9
11/04/2011,43
12/04/2011,43.172
13/04/2011,43.22
14/04/2011,43.175
15/04/2011,43.26
18/04/2011,43.3
19/04/2011,43.35
20/04/2011,43.175
21/04/2011,43.175
22/04/2011,43.175
25/04/2011,43.25
26/04/2011,43.295
27/04/2011,43.2
28/04/2011,43.2
29/04/2011,42.805
02/05/2011,42.64
03/05/2011,42.905
04/05/2011,42.805
05/05/2011,42.91
06/05/2011,43.08
09/05/2011,42.94
10/05/2011,42.97
11/05/2011,42.85
12/05/2011,43
13/05/2011,43.1
16/05/2011,43.365
17/05/2011,43.25
18/05/2011,43.175
19/05/2011,43.1
20/05/2011,43.125
23/05/2011,43.435
24/05/2011,43.405
25/05/2011,43.465
26/05/2011,43.35
27/05/2011,43.345
30/05/2011,43.31
31/05/2011,43.2
01/06/2011,43.05
02/06/2011,43.26
03/06/2011,43.205
06/06/2011,43.225
07/06/2011,43.155
08/06/2011,43.23
09/06/2011,43.22
10/06/2011,43.19
13/06/2011,43.425
14/06/2011,43.37
15/06/2011,43.385
16/06/2011,43.49
17/06/2011,43.65
20/06/2011,43.76
21/06/2011,43.45
22/06/2011,43.4
23/06/2011,43.4
24/06/2011,43.3
27/06/2011,43.5
28/06/2011,43.54
29/06/2011,43.465
30/06/2011,43.34
01/07/2011,43.175
04/07/2011,43.065
05/07/2011,43
06/07/2011,42.85
07/07/2011,42.88
08/07/2011,42.74
11/07/2011,42.94
12/07/2011,43.1
13/07/2011,43.04
14/07/2011,42.85
15/07/2011,42.945
18/07/2011,43.03
19/07/2011,42.84
20/07/2011,42.72
21/07/2011,42.65
22/07/2011,42.4
25/07/2011,42.39
26/07/2011,42.23
27/07/2011,42.1
28/07/2011,42.175
29/07/2011,42.14
01/08/2011,41.94
02/08/2011,42.13
03/08/2011,42.23
04/08/2011,42.34
05/08/2011,42.58
08/08/2011,42.61
09/08/2011,42.5
10/08/2011,42.48
11/08/2011,42.54
12/08/2011,42.635
15/08/2011,42.41
16/08/2011,42.39
17/08/2011,42.45
18/08/2011,42.5
19/08/2011,42.6
22/08/2011,42.5
23/08/2011,42.26
24/08/2011,42.405
25/08/2011,42.52
26/08/2011,42.33
29/08/2011,42.53
30/08/2011,42.45
31/08/2011,42.45
01/09/2011,42.42
02/09/2011,42.27
05/09/2011,42.34
06/09/2011,42.32
07/09/2011,42.3
08/09/2011,42.5
09/09/2011,42.485
12/09/2011,42.828
13/09/2011,43.06
14/09/2011,43.22
15/09/2011,43.32
16/09/2011,43.31
19/09/2011,43.445
20/09/2011,43.475
21/09/2011,43.5
22/09/2011,43.79
23/09/2011,43.57
26/09/2011,43.5
27/09/2011,43.295
28/09/2011,43.38
29/09/2011,43.685
30/09/2011,43.725
03/10/2011,43.9
04/10/2011,43.9
05/10/2011,43.8
06/10/2011,43.7
07/10/2011,43.545
10/10/2011,43.37
11/10/2011,43.45
12/10/2011,43.415
13/10/2011,43.305
14/10/2011,43.33
17/10/2011,43.15
18/10/2011,43.25
19/10/2011,43.17
20/10/2011,43.25
21/10/2011,43.435
24/10/2011,43.265
25/10/2011,43.145
26/10/2011,43.25
27/10/2011,42.845
28/10/2011,42.63
31/10/2011,42.635
01/11/2011,42.635
02/11/2011,42.76
03/11/2011,43.13
04/11/2011,42.9
07/11/2011,42.84
08/11/2011,43.145
09/11/2011,43.055
10/11/2011,43.34
11/11/2011,43.305
14/11/2011,43.27
15/11/2011,43.38
16/11/2011,43.4
17/11/2011,43.38
18/11/2011,43.44
21/11/2011,43.295
22/11/2011,43.24
23/11/2011,43.48
24/11/2011,43.66
25/11/2011,43.94
28/11/2011,43.775
29/11/2011,43.64
30/11/2011,43.64
01/12/2011,43.28
02/12/2011,43.27
05/12/2011,43.285
06/12/2011,43.46
07/12/2011,43.27
08/12/2011,43.285
09/12/2011,43.64
12/12/2011,43.62
13/12/2011,43.883
14/12/2011,44.175
15/12/2011,44.1
16/12/2011,43.83
19/12/2011,44.005
20/12/2011,43.87
21/12/2011,43.625
22/12/2011,43.65
23/12/2011,43.5
26/12/2011,43.575
27/12/2011,43.855
28/12/2011,43.97
29/12/2011,43.84
30/12/2011,43.84
02/01/2012,43.955
03/01/2012,43.74
04/01/2012,43.755
05/01/2012,43.95
06/01/2012,44.145
09/01/2012,44.02
10/01/2012,43.95
11/01/2012,44.04
12/01/2012,44.04
13/01/2012,43.755
16/01/2012,43.885
17/01/2012,43.64
18/01/2012,43.435
19/01/2012,43.45
20/01/2012,43.295
23/01/2012,43.2
24/01/2012,43.19
25/01/2012,43.14
26/01/2012,42.79
27/01/2012,42.79
30/01/2012,43.01
31/01/2012,42.88
01/02/2012,42.945
02/02/2012,42.67
03/02/2012,42.6
06/02/2012,42.57
07/02/2012,42.46
08/02/2012,42.27
09/02/2012,42.13
10/02/2012,42.525
13/02/2012,42.45
14/02/2012,42.82
15/02/2012,42.6
16/02/2012,42.775
17/02/2012,42.69
20/02/2012,42.575
21/02/2012,42.65
22/02/2012,42.67
23/02/2012,42.78
24/02/2012,42.81
27/02/2012,42.97
28/02/2012,42.9
29/02/2012,42.775
01/03/2012,42.77
02/03/2012,42.75
05/03/2012,42.83
06/03/2012,43.07
07/03/2012,42.89
08/03/2012,42.595
09/03/2012,42.56
12/03/2012,42.75
13/03/2012,42.75
14/03/2012,42.98
15/03/2012,43.025
16/03/2012,43.01
19/03/2012,42.975
20/03/2012,43
21/03/2012,43.06
22/03/2012,43.12
23/03/2012,42.91
26/03/2012,42.975
27/03/2012,42.95
28/03/2012,43.03
29/03/2012,43.03
30/03/2012,42.93
02/04/2012,42.675
03/04/2012,42.7
04/04/2012,42.75
05/04/2012,42.75
06/04/2012,42.75
09/04/2012,42.875
10/04/2012,42.845
11/04/2012,42.73
12/04/2012,42.65
13/04/2012,42.59
16/04/2012,42.77
17/04/2012,42.66
18/04/2012,42.6
19/04/2012,42.65
20/04/2012,42.55
23/04/2012,42.76
24/04/2012,42.77
25/04/2012,42.62
26/04/2012,42.41
27/04/2012,42.25
30/04/2012,42.165
01/05/2012,42.165
02/05/2012,42.23
03/05/2012,42.15
04/05/2012,42.28
07/05/2012,42.385
08/05/2012,42.345
09/05/2012,42.57
10/05/2012,42.37
11/05/2012,42.47
14/05/2012,42.84
15/05/2012,42.72
16/05/2012,43
17/05/2012,42.87
18/05/2012,43.13
21/05/2012,43.15
22/05/2012,43.165
23/05/2012,43.53
24/05/2012,43.625
25/05/2012,43.77
28/05/2012,43.62
29/05/2012,43.33
30/05/2012,43.53
31/05/2012,43.45
01/06/2012,43.475
04/06/2012,43.475
05/06/2012,43.475
06/06/2012,43.12
07/06/2012,43.15
08/06/2012,43.28
11/06/2012,42.97
12/06/2012,42.953
13/06/2012,42.53
14/06/2012,42.45
15/06/2012,42.28
18/06/2012,42.275
19/06/2012,42.275
20/06/2012,42.2
21/06/2012,42.53
22/06/2012,42.46
25/06/2012,42.655
26/06/2012,42.51
27/06/2012,42.365
28/06/2012,42.38
29/06/2012,41.93
02/07/2012,41.915
03/07/2012,41.63
04/07/2012,41.65
05/07/2012,41.74
06/07/2012,41.85
09/07/2012,41.98
10/07/2012,41.85
11/07/2012,41.9
12/07/2012,42.12
13/07/2012,41.965
16/07/2012,41.78
17/07/2012,41.75
18/07/2012,41.73
19/07/2012,41.725
20/07/2012,41.9
23/07/2012,41.975
24/07/2012,42.025
25/07/2012,42.125
26/07/2012,42.165
27/07/2012,41.975
30/07/2012,41.875
31/07/2012,41.745
01/08/2012,41.76
02/08/2012,41.82
03/08/2012,41.825
06/08/2012,41.87
07/08/2012,41.875
08/08/2012,41.74
09/08/2012,41.755
10/08/2012,41.855
13/08/2012,41.855
14/08/2012,42
15/08/2012,42.225
16/08/2012,42.22
17/08/2012,42.4
20/08/2012,42.345
21/08/2012,42.245
22/08/2012,42.36
23/08/2012,42.165
24/08/2012,42.24
27/08/2012,42.24
28/08/2012,42.328
29/08/2012,42.36
30/08/2012,42.295
31/08/2012,42.13
03/09/2012,41.94
04/09/2012,41.91
05/09/2012,41.953
06/09/2012,41.744
07/09/2012,41.545
10/09/2012,41.57
11/09/2012,41.53
12/09/2012,41.545
13/09/2012,41.75
14/09/2012,41.395
17/09/2012,41.58
18/09/2012,41.8
19/09/2012,41.625
20/09/2012,41.725
21/09/2012,41.65
24/09/2012,41.75
25/09/2012,41.68
26/09/2012,41.95
27/09/2012,41.82
28/09/2012,41.675
01/10/2012,41.725
02/10/2012,41.6
03/10/2012,41.6
04/10/2012,41.44
05/10/2012,41.465
08/10/2012,41.525
09/10/2012,41.463
10/10/2012,41.565
11/10/2012,41.59
12/10/2012,41.41
15/10/2012,41.44
16/10/2012,41.375
17/10/2012,41.175
18/10/2012,41.28
19/10/2012,41.325
22/10/2012,41.38
23/10/2012,41.39
24/10/2012,41.47
25/10/2012,41.21
26/10/2012,41.275
29/10/2012,41.28
30/10/2012,41.183
31/10/2012,41.1
01/11/2012,41.12
02/11/2012,41.1
05/11/2012,41.21
06/11/2012,41.205
07/11/2012,40.95
08/11/2012,41.05
09/11/2012,41.05
12/11/2012,41.13
13/11/2012,41.125
14/11/2012,41.155
15/11/2012,41.18
16/11/2012,41.3
19/11/2012,41.175
20/11/2012,41.175
21/11/2012,41.095
22/11/2012,41.07
23/11/2012,41.065
26/11/2012,41
27/11/2012,40.8
28/11/2012,40.9
29/11/2012,40.88
30/11/2012,40.8
03/12/2012,40.925
04/12/2012,40.908
05/12/2012,40.865
06/12/2012,40.935
07/12/2012,40.96
10/12/2012,40.95
11/12/2012,40.895
12/12/2012,41
13/12/2012,41.05
14/12/2012,41.13
17/12/2012,41
18/12/2012,41.075
19/12/2012,41
20/12/2012,41.1
21/12/2012,41.12
24/12/2012,41.13
25/12/2012,41.13
26/12/2012,41.14
27/12/2012,41.125
28/12/2012,41.07
31/12/2012,41.06
01/01/2013,41.05
02/01/2013,40.875
03/01/2013,40.725
04/01/2013,40.87
07/01/2013,40.915
08/01/2013,40.815
09/01/2013,40.755
10/01/2013,40.715
11/01/2013,40.6
14/01/2013,40.65
15/01/2013,40.58
16/01/2013,40.7
17/01/2013,40.595
18/01/2013,40.55
21/01/2013,40.68
22/01/2013,40.6
23/01/2013,40.63
24/01/2013,40.62
25/01/2013,40.7
28/01/2013,40.95
29/01/2013,40.725
30/01/2013,40.66
31/01/2013,40.71
01/02/2013,40.65
04/02/2013,40.595
05/02/2013,40.65
06/02/2013,40.74
07/02/2013,40.72
08/02/2013,40.71
11/02/2013,40.7
12/02/2013,40.7
13/02/2013,40.67
14/02/2013,40.65
15/02/2013,40.615
18/02/2013,40.665
19/02/2013,40.655
20/02/2013,40.65
21/02/2013,40.775
22/02/2013,40.75
25/02/2013,40.68
26/02/2013,40.75
27/02/2013,40.75
28/02/2013,40.65
01/03/2013,40.685
04/03/2013,40.76
05/03/2013,40.77
06/03/2013,40.74
07/03/2013,40.68
08/03/2013,40.72
11/03/2013,40.7
12/03/2013,40.63
13/03/2013,40.585
14/03/2013,40.55
15/03/2013,40.57
18/03/2013,40.64
19/03/2013,40.65
20/03/2013,40.72
21/03/2013,40.8
22/03/2013,40.89
25/03/2013,40.85
26/03/2013,41.05
27/03/2013,40.81
28/03/2013,40.85
29/03/2013,40.85
01/04/2013,40.85
02/04/2013,40.82
03/04/2013,40.93
04/04/2013,41.275
05/04/2013,41.17
08/04/2013,41.31
09/04/2013,41.2
10/04/2013,40.91
11/04/2013,40.98
12/04/2013,41.35
15/04/2013,41.21
16/04/2013,41.35
17/04/2013,41.25
18/04/2013,41.235
19/04/2013,41.11
22/04/2013,41.275
23/04/2013,41.4
24/04/2013,41.3
25/04/2013,41.265
26/04/2013,41.245
29/04/2013,41.1
30/04/2013,41.175
01/05/2013,41.15
02/05/2013,40.97
03/05/2013,40.865
06/05/2013,40.935
07/05/2013,40.86
08/05/2013,40.77
09/05/2013,40.78
10/05/2013,41.125
13/05/2013,41.175
14/05/2013,41.15
15/05/2013,41.275
16/05/2013,41.25
17/05/2013,41.235
20/05/2013,41.21
21/05/2013,41.225
22/05/2013,41.28
23/05/2013,41.725
24/05/2013,41.625
27/05/2013,41.65
28/05/2013,41.925
29/05/2013,42.49
30/05/2013,42.29
31/05/2013,42.31
03/06/2013,41.8
04/06/2013,41.79
05/06/2013,42.03
06/06/2013,42.15
07/06/2013,42.31
10/06/2013,42.93
11/06/2013,43.11
12/06/2013,43.05
13/06/2013,43
14/06/2013,42.835
17/06/2013,42.88
18/06/2013,43.23
19/06/2013,43.045
20/06/2013,43.755
21/06/2013,43.9
24/06/2013,43.875
25/06/2013,43.335
26/06/2013,43.38
27/06/2013,43.32
28/06/2013,43.1
01/07/2013,43.15
02/07/2013,43.275
03/07/2013,43.475
04/07/2013,43.4
05/07/2013,43.475
08/07/2013,43.7
09/07/2013,43.43
10/07/2013,43.435
11/07/2013,43.3
12/07/2013,43.375
15/07/2013,43.455
16/07/2013,43.335
17/07/2013,43.325
18/07/2013,43.415
19/07/2013,43.28
22/07/2013,43.225
23/07/2013,43.2
24/07/2013,43.25
25/07/2013,43.35
26/07/2013,43.275
29/07/2013,43.3
30/07/2013,43.4
31/07/2013,43.45
01/08/2013,43.6
02/08/2013,43.65
05/08/2013,43.505
06/08/2013,43.425
07/08/2013,43.8
08/08/2013,43.475
09/08/2013,43.475
12/08/2013,43.63
13/08/2013,43.82
14/08/2013,43.775
15/08/2013,43.8
16/08/2013,43.625
19/08/2013,43.71
20/08/2013,43.775
21/08/2013,43.975
22/08/2013,44.175
23/08/2013,44.205
26/08/2013,44.225
27/08/2013,44.625
28/08/2013,44.575
29/08/2013,44.525
30/08/2013,44.57
02/09/2013,44.31
03/09/2013,44.48
04/09/2013,44.27
05/09/2013,44.5
06/09/2013,44.365
09/09/2013,43.95
10/09/2013,43.68
11/09/2013,43.62
12/09/2013,43.705
13/09/2013,43.77
16/09/2013,43.525
17/09/2013,43.52
18/09/2013,43.4
19/09/2013,43.19
20/09/2013,43.12
23/09/2013,43.275
24/09/2013,43.435
25/09/2013,43.35
26/09/2013,43.32
27/09/2013,43.325
30/09/2013,43.475
01/10/2013,43.275
02/10/2013,43.4
03/10/2013,43.12
04/10/2013,43.165
07/10/2013,43.15
08/10/2013,43.15
09/10/2013,43.2
10/10/2013,43.165
11/10/2013,43
14/10/2013,43.14
15/10/2013,43.065
16/10/2013,43.195
17/10/2013,43.06
18/10/2013,43.09
21/10/2013,43.165
22/10/2013,43.175
23/10/2013,43.11
24/10/2013,43.075
25/10/2013,43.08
28/10/2013,43.05
29/10/2013,43.15
30/10/2013,43.105
31/10/2013,43.225
01/11/2013,43.36
04/11/2013,43.325
05/11/2013,43.225
06/11/2013,43.275
07/11/2013,43.25
08/11/2013,43.225
11/11/2013,43.605
12/11/2013,43.775
13/11/2013,43.725
14/11/2013,43.57
15/11/2013,43.555
18/11/2013,43.595
19/11/2013,43.53
20/11/2013,43.615
21/11/2013,43.785
22/11/2013,43.905
25/11/2013,43.875
26/11/2013,43.765
27/11/2013,43.665
28/11/2013,43.72
29/11/2013,43.67
02/12/2013,43.75
03/12/2013,43.745
04/12/2013,43.88
05/12/2013,43.875
06/12/2013,43.975
09/12/2013,44.125
10/12/2013,44.325
11/12/2013,44.175
12/12/2013,44.13
13/12/2013,44.15
16/12/2013,44.055
17/12/2013,44.18
18/12/2013,44.29
19/12/2013,44.51
20/12/2013,44.475
23/12/2013,44.375
24/12/2013,44.41
25/12/2013,44.41
26/12/2013,44.485
27/12/2013,44.375
30/12/2013,44.4
31/12/2013,44.39
01/01/2014,44.39
02/01/2014,44.495
03/01/2014,44.715
06/01/2014,44.565
07/01/2014,44.825
08/01/2014,44.705
09/01/2014,44.65
10/01/2014,44.59
13/01/2014,44.605
14/01/2014,44.835
15/01/2014,45.125
16/01/2014,45.155
17/01/2014,45.1
20/01/2014,45.15
21/01/2014,45.43
22/01/2014,45.31
23/01/2014,45.325
24/01/2014,45.445
27/01/2014,45.375
28/01/2014,45.235
29/01/2014,45.28
30/01/2014,45.335
31/01/2014,45.375
03/02/2014,45.41
04/02/2014,45.312
05/02/2014,45.325
06/02/2014,45.19
07/02/2014,45
10/02/2014,45.015
11/02/2014,44.96
12/02/2014,44.825
13/02/2014,44.9
14/02/2014,44.595
17/02/2014,44.425
18/02/2014,44.6
19/02/2014,44.61
20/02/2014,44.775
21/02/2014,44.57
24/02/2014,44.59
25/02/2014,44.625
26/02/2014,44.645
27/02/2014,44.675
28/02/2014,44.65
03/03/2014,44.705
04/03/2014,44.78
05/03/2014,44.793
06/03/2014,44.572
07/03/2014,44.395
10/03/2014,44.525
11/03/2014,44.54
12/03/2014,44.625
13/03/2014,44.68
14/03/2014,44.693
17/03/2014,44.63
18/03/2014,44.675
19/03/2014,44.95
20/03/2014,45.23
21/03/2014,45.2
24/03/2014,45.125
25/03/2014,45.085
26/03/2014,44.935
27/03/2014,44.985
28/03/2014,44.775
31/03/2014,44.76
01/04/2014,44.745
02/04/2014,44.95
03/04/2014,45.045
04/04/2014,45
07/04/2014,44.875
08/04/2014,44.6
09/04/2014,44.585
10/04/2014,44.355
11/04/2014,44.425
14/04/2014,44.475
15/04/2014,44.525
16/04/2014,44.465
17/04/2014,44.345
18/04/2014,44.325
21/04/2014,44.455
22/04/2014,44.48
23/04/2014,44.755
24/04/2014,44.785
25/04/2014,44.615
28/04/2014,44.5
29/04/2014,44.475
30/04/2014,44.565
01/05/2014,44.46
02/05/2014,44.505
05/05/2014,44.445
06/05/2014,44.315
07/05/2014,44.225
08/05/2014,44.04
09/05/2014,43.65
12/05/2014,43.715
13/05/2014,43.72
14/05/2014,43.54
15/05/2014,43.785
16/05/2014,43.73
19/05/2014,43.625
20/05/2014,43.755
21/05/2014,43.695
22/05/2014,43.59
23/05/2014,43.625
26/05/2014,43.685
27/05/2014,43.835
28/05/2014,43.915
29/05/2014,43.905
30/05/2014,43.845
02/06/2014,43.905
03/06/2014,43.845
04/06/2014,43.885
05/06/2014,43.685
06/06/2014,43.515
09/06/2014,43.605
10/06/2014,43.745
11/06/2014,43.815
12/06/2014,43.795
13/06/2014,43.885
16/06/2014,43.875
17/06/2014,43.865
18/06/2014,44.125
19/06/2014,43.775
20/06/2014,43.895
23/06/2014,43.83
24/06/2014,43.865
25/06/2014,43.865
26/06/2014,43.865
27/06/2014,43.735
30/06/2014,43.625
01/07/2014,43.605
02/07/2014,43.65
03/07/2014,43.6
04/07/2014,43.5
07/07/2014,43.535
08/07/2014,43.42
09/07/2014,43.325
10/07/2014,43.415
11/07/2014,43.475
14/07/2014,43.525
15/07/2014,43.68
16/07/2014,43.625
17/07/2014,43.625
18/07/2014,43.525
21/07/2014,43.335
22/07/2014,43.27
23/07/2014,43.225
24/07/2014,43.365
25/07/2014,43.325
28/07/2014,43.365
29/07/2014,43.435
30/07/2014,43.425
31/07/2014,43.615
01/08/2014,43.705
04/08/2014,43.665
05/08/2014,43.715
06/08/2014,43.815
07/08/2014,44.075
08/08/2014,43.98
11/08/2014,43.875
12/08/2014,43.935
13/08/2014,43.825
14/08/2014,43.64
15/08/2014,43.65
18/08/2014,43.72
19/08/2014,43.705
20/08/2014,43.873
21/08/2014,43.875
22/08/2014,43.86
25/08/2014,43.86
26/08/2014,43.776
27/08/2014,43.658
28/08/2014,43.748
29/08/2014,43.666
01/09/2014,43.506
02/09/2014,43.673
03/09/2014,43.595
04/09/2014,43.58
05/09/2014,43.56
08/09/2014,43.582
09/09/2014,43.825
10/09/2014,43.955
11/09/2014,43.945
12/09/2014,43.965
15/09/2014,44.275
16/09/2014,44.34
17/09/2014,44.325
18/09/2014,44.565
19/09/2014,44.545
22/09/2014,44.605
23/09/2014,44.54
24/09/2014,44.467
25/09/2014,44.78
26/09/2014,44.935
29/09/2014,45.055
30/09/2014,44.965
01/10/2014,44.84
02/10/2014,44.845
03/10/2014,45
06/10/2014,44.775
07/10/2014,44.625
08/10/2014,44.823
09/10/2014,44.75
10/10/2014,44.79
13/10/2014,44.76
14/10/2014,44.815
15/10/2014,44.87
16/10/2014,44.965
17/10/2014,44.825
20/10/2014,44.84
21/10/2014,44.77
22/10/2014,44.785
23/10/2014,44.795
24/10/2014,44.815
27/10/2014,44.805
28/10/2014,44.76
29/10/2014,44.7
30/10/2014,44.87
31/10/2014,44.975
03/11/2014,45.005
04/11/2014,44.995
05/11/2014,45.03
06/11/2014,45.02
07/11/2014,44.86
10/11/2014,44.895
11/11/2014,44.89
12/11/2014,44.9
13/11/2014,44.84
14/11/2014,44.93
17/11/2014,44.96
18/11/2014,44.985
19/11/2014,45.145
20/11/2014,45.03
21/11/2014,44.935
24/11/2014,44.97
25/11/2014,44.955
26/11/2014,44.945
27/11/2014,44.865
28/11/2014,44.95
01/12/2014,44.845
02/12/2014,44.81
03/12/2014,44.625
04/12/2014,44.585
05/12/2014,44.685
08/12/2014,44.665
09/12/2014,44.525
10/12/2014,44.569
11/12/2014,44.448
12/12/2014,44.568
15/12/2014,44.705
16/12/2014,44.685
17/12/2014,44.785
18/12/2014,44.765
19/12/2014,44.77
22/12/2014,44.615
23/12/2014,44.685
24/12/2014,44.675
25/12/2014,44.66
26/12/2014,44.66
29/12/2014,44.725
30/12/2014,44.77
31/12/2014,44.79
01/01/2015,44.79
02/01/2015,44.855
05/01/2015,45.055
06/01/2015,45.045
07/01/2015,45.09
08/01/2015,44.895
09/01/2015,44.9
12/01/2015,44.86
13/01/2015,44.675
14/01/2015,44.665
15/01/2015,44.645
16/01/2015,44.64
19/01/2015,44.56
20/01/2015,44.575
21/01/2015,44.355
22/01/2015,44.215
23/01/2015,44.085
26/01/2015,44.075
27/01/2015,44.07
28/01/2015,44.165
29/01/2015,44.025
30/01/2015,44.195
02/02/2015,44.165
03/02/2015,44
04/02/2015,44.11
05/02/2015,44.12
06/02/2015,44.25
09/02/2015,44.385
10/02/2015,44.405
11/02/2015,44.465
12/02/2015,44.275
13/02/2015,44.275
16/02/2015,44.25
17/02/2015,44.25
18/02/2015,44.13
19/02/2015,44.205
20/02/2015,44.225
23/02/2015,44.32
24/02/2015,44.085
25/02/2015,44.015
26/02/2015,44.085
27/02/2015,44.105
02/03/2015,44.125
03/03/2015,44.105
04/03/2015,44.14
05/03/2015,44.155
06/03/2015,44.305
09/03/2015,44.25
10/03/2015,44.355
11/03/2015,44.355
12/03/2015,44.25
13/03/2015,44.365
16/03/2015,44.425
17/03/2015,44.695
18/03/2015,44.735
19/03/2015,44.935
20/03/2015,44.85
23/03/2015,44.685
24/03/2015,44.725
25/03/2015,44.755
26/03/2015,44.855
27/03/2015,44.795
30/03/2015,44.705
31/03/2015,44.675
01/04/2015,44.565
02/04/2015,44.415
03/04/2015,44.335
06/04/2015,44.43
07/04/2015,44.515
08/04/2015,44.505
09/04/2015,44.535
10/04/2015,44.6
13/04/2015,44.675
14/04/2015,44.535
15/04/2015,44.42
16/04/2015,44.355
17/04/2015,44.255
20/04/2015,44.255
21/04/2015,44.195
22/04/2015,44.215
23/04/2015,44.195
24/04/2015,44.215
27/04/2015,44.245
28/04/2015,44.195
29/04/2015,44.275
30/04/2015,44.615
01/05/2015,44.635
04/05/2015,44.655
05/05/2015,44.6
06/05/2015,44.54
07/05/2015,44.685
08/05/2015,44.575
11/05/2015,44.795
12/05/2015,44.785
13/05/2015,44.555
14/05/2015,44.535
15/05/2015,44.415
18/05/2015,44.485
19/05/2015,44.545
20/05/2015,44.585
21/05/2015,44.535
22/05/2015,44.625
25/05/2015,44.61
26/05/2015,44.805
27/05/2015,44.665
28/05/2015,44.555
29/05/2015,44.535
01/06/2015,44.545
02/06/2015,44.575
03/06/2015,44.825
04/06/2015,44.925
05/06/2015,45.09
08/06/2015,45.095
09/06/2015,45.095
10/06/2015,45.005
11/06/2015,45.255
12/06/2015,45.295
15/06/2015,45.135
16/06/2015,45.105
17/06/2015,45.225
18/06/2015,44.885
19/06/2015,44.995
22/06/2015,45.005
23/06/2015,45.107
24/06/2015,45.115
25/06/2015,45.106
26/06/2015,45.115
29/06/2015,45.085
30/06/2015,45.107
01/07/2015,45.155
02/07/2015,45.135
03/07/2015,45.065
06/07/2015,45.075
07/07/2015,45.275
08/07/2015,45.225
09/07/2015,45.252
10/07/2015,45.075
13/07/2015,45.185
14/07/2015,45.175
15/07/2015,45.335
16/07/2015,45.259
17/07/2015,45.261
20/07/2015,45.345
21/07/2015,45.195
22/07/2015,45.213
23/07/2015,45.355
24/07/2015,45.555
27/07/2015,45.565
28/07/2015,45.475
29/07/2015,45.498
30/07/2015,45.705
31/07/2015,45.675
03/08/2015,45.765
04/08/2015,45.655
05/08/2015,45.751
06/08/2015,45.755
07/08/2015,45.825
10/08/2015,45.802
11/08/2015,46.075
12/08/2015,46.198
13/08/2015,46.158
14/08/2015,46.185
17/08/2015,46.325
18/08/2015,46.329
19/08/2015,46.319
20/08/2015,46.575
21/08/2015,46.672
24/08/2015,46.814
25/08/2015,46.735
26/08/2015,46.595
27/08/2015,46.675
28/08/2015,46.745
31/08/2015,46.765
01/09/2015,46.745
02/09/2015,46.765
03/09/2015,46.775
04/09/2015,46.935
07/09/2015,47.03
08/09/2015,46.825
09/09/2015,46.925
10/09/2015,46.845
11/09/2015,46.745
14/09/2015,46.705
15/09/2015,46.715
16/09/2015,46.635
17/09/2015,46.484
18/09/2015,46.485
21/09/2015,46.525
22/09/2015,46.647
23/09/2015,46.955
24/09/2015,46.975
25/09/2015,46.765
28/09/2015,46.845
29/09/2015,46.815
30/09/2015,46.725
01/10/2015,46.745
02/10/2015,46.555
05/10/2015,46.485
06/10/2015,46.435
07/10/2015,46.012
08/10/2015,46.075
09/10/2015,45.685
12/10/2015,45.694
13/10/2015,46.035
14/10/2015,45.905
15/10/2015,45.83
16/10/2015,45.995
19/10/2015,46.225
20/10/2015,46.377
21/10/2015,46.45
22/10/2015,46.36
23/10/2015,46.625
26/10/2015,46.605
27/10/2015,46.78
28/10/2015,46.875
29/10/2015,46.965
30/10/2015,46.725
02/11/2015,46.835
03/11/2015,46.881
04/11/2015,46.881
05/11/2015,46.875
06/11/2015,47.155
09/11/2015,47.235
10/11/2015,47.365
11/11/2015,47.096
12/11/2015,46.995
13/11/2015,47.085
16/11/2015,47.165
17/11/2015,47.225
18/11/2015,47.195
19/11/2015,47.015
20/11/2015,46.975
23/11/2015,47.115
24/11/2015,47.065
25/11/2015,47.005
26/11/2015,47.155
27/11/2015,47.193
30/11/2015,47.155
01/12/2015,47.155
02/12/2015,47.215
03/12/2015,47
04/12/2015,47.025
07/12/2015,47.193
08/12/2015,47.155
09/12/2015,47.205
10/12/2015,47.235
11/12/2015,47.435
14/12/2015,47.465
15/12/2015,47.38
16/12/2015,47.275
17/12/2015,47.465
18/12/2015,47.275
21/12/2015,47.345
22/12/2015,47.215
23/12/2015,47.185
24/12/2015,47.225
25/12/2015,47.205
28/12/2015,47.075
29/12/2015,46.955
30/12/2015,46.915
31/12/2015,46.925
01/01/2016,46.832
04/01/2016,47.097
05/01/2016,46.885
06/01/2016,47.105
07/01/2016,47.085
08/01/2016,47.249
11/01/2016,47.235
12/01/2016,47.385
13/01/2016,47.496
14/01/2016,47.745
15/01/2016,47.835
18/01/2016,47.79
19/01/2016,47.618
20/01/2016,47.865
21/01/2016,47.925
22/01/2016,47.735
25/01/2016,48.015
26/01/2016,48.025
27/01/2016,47.95
28/01/2016,47.765
29/01/2016,47.705
01/02/2016,47.715
02/02/2016,47.925
03/02/2016,47.865
04/02/2016,47.525
05/02/2016,47.785
08/02/2016,47.825
09/02/2016,47.64
10/02/2016,47.445
11/02/2016,47.525
12/02/2016,47.555
15/02/2016,47.39
16/02/2016,47.475
17/02/2016,47.565
18/02/2016,47.605
19/02/2016,47.675
22/02/2016,47.585
23/02/2016,47.655
24/02/2016,47.725
25/02/2016,47.62
26/02/2016,47.495
29/02/2016,47.49
01/03/2016,47.225
02/03/2016,47.195
03/03/2016,46.975
04/03/2016,46.745
07/03/2016,46.895
08/03/2016,46.936
09/03/2016,46.825
10/03/2016,46.784
11/03/2016,46.455
14/03/2016,46.645
15/03/2016,46.748
16/03/2016,46.515
17/03/2016,46.155
18/03/2016,46.455
21/03/2016,46.425
22/03/2016,46.275
23/03/2016,46.455
24/03/2016,46.405
25/03/2016,46.425
28/03/2016,46.33
29/03/2016,46.35
30/03/2016,45.885
31/03/2016,45.935
01/04/2016,46.095
04/04/2016,46.205
05/04/2016,46.345
06/04/2016,46.185
07/04/2016,46.275
08/04/2016,46.095
11/04/2016,46.095
12/04/2016,46.105
13/04/2016,46.045
14/04/2016,46.119
15/04/2016,46.145
18/04/2016,46.18
19/04/2016,46.1
20/04/2016,46.305
21/04/2016,46.545
22/04/2016,46.735
25/04/2016,46.925
26/04/2016,46.825
27/04/2016,46.955
28/04/2016,46.845
29/04/2016,47.035
02/05/2016,47.025
03/05/2016,47.032
04/05/2016,47.275
05/05/2016,47.395
06/05/2016,47.085
09/05/2016,47.292
10/05/2016,46.67
11/05/2016,46.495
12/05/2016,46.575
13/05/2016,46.665
16/05/2016,46.495
17/05/2016,46.481
18/05/2016,46.715
19/05/2016,46.785
20/05/2016,46.695
23/05/2016,46.705
24/05/2016,46.725
25/05/2016,46.785
26/05/2016,46.675
27/05/2016,46.685
30/05/2016,46.788
31/05/2016,46.765
01/06/2016,46.605
02/06/2016,46.575
03/06/2016,46.265
06/06/2016,46.185
07/06/2016,46.055
08/06/2016,45.875
09/06/2016,46.005
10/06/2016,46.185
13/06/2016,46.175
14/06/2016,46.295
15/06/2016,46.319
16/06/2016,46.445
17/06/2016,46.43
20/06/2016,46.305
21/06/2016,46.345
22/06/2016,46.395
23/06/2016,46.47
24/06/2016,46.99
27/06/2016,47.288
28/06/2016,47.094
29/06/2016,46.897
30/06/2016,47.102
01/07/2016,46.975
04/07/2016,46.86
05/07/2016,47.052
06/07/2016,47.065
07/07/2016,47.165
08/07/2016,47.165
11/07/2016,47.345
12/07/2016,47.16
13/07/2016,47.215
14/07/2016,46.845
15/07/2016,46.808
18/07/2016,46.713
19/07/2016,46.923
20/07/2016,47.13
21/07/2016,47.175
22/07/2016,47.09
25/07/2016,47.168
26/07/2016,47.2
27/07/2016,47.166
28/07/2016,47.135
29/07/2016,47.015
01/08/2016,47.048
02/08/2016,47.048
03/08/2016,47.032
04/08/2016,47.01
05/08/2016,46.974
08/08/2016,47
09/08/2016,46.875
10/08/2016,46.635
11/08/2016,46.675
12/08/2016,46.61
15/08/2016,46.355
16/08/2016,46.23
17/08/2016,46.395
18/08/2016,46.305
19/08/2016,46.422
22/08/2016,46.538
23/08/2016,46.473
24/08/2016,46.475
25/08/2016,46.305
26/08/2016,46.355
29/08/2016,46.386
30/08/2016,46.514
31/08/2016,46.644
01/09/2016,46.685
02/09/2016,46.54
05/09/2016,46.545
06/09/2016,46.567
07/09/2016,46.695
08/09/2016,47.085
09/09/2016,47.455
12/09/2016,47.403
13/09/2016,47.788
14/09/2016,47.401
15/09/2016,47.675
16/09/2016,47.97
19/09/2016,48.015
20/09/2016,47.727
21/09/2016,47.782
22/09/2016,47.845
23/09/2016,48.115
26/09/2016,48.377
27/09/2016,48.326
28/09/2016,48.139
29/09/2016,48.305
30/09/2016,48.4
03/10/2016,48.187
04/10/2016,48.347
05/10/2016,48.32
06/10/2016,48.285
07/10/2016,48.3
10/10/2016,48.34
11/10/2016,48.749
12/10/2016,48.565
13/10/2016,48.34
14/10/2016,48.412
17/10/2016,48.458
18/10/2016,48.2
19/10/2016,47.965
20/10/2016,48.079
21/10/2016,48.27
24/10/2016,48.186
25/10/2016,48.175
26/10/2016,48.346
27/10/2016,48.53
28/10/2016,48.57
31/10/2016,48.505
01/11/2016,48.356
02/11/2016,48.356
03/11/2016,48.349
04/11/2016,48.545
07/11/2016,48.62
08/11/2016,48.5
09/11/2016,48.916
10/11/2016,48.964
11/11/2016,48.865
14/11/2016,49.06
15/11/2016,49.195
16/11/2016,49.31
17/11/2016,49.597
18/11/2016,49.696
21/11/2016,49.766
22/11/2016,49.9
23/11/2016,49.974
24/11/2016,49.95
25/11/2016,49.844
28/11/2016,49.73
29/11/2016,49.815
30/11/2016,49.71
01/12/2016,49.74
02/12/2016,49.623
05/12/2016,49.68
06/12/2016,49.571
07/12/2016,49.596
08/12/2016,49.7
09/12/2016,49.892
12/12/2016,49.795
13/12/2016,49.828
14/12/2016,49.77
15/12/2016,49.955
16/12/2016,49.96
19/12/2016,49.91
20/12/2016,49.99
21/12/2016,49.905
22/12/2016,49.88
23/12/2016,49.78
26/12/2016,49.621
27/12/2016,49.75
28/12/2016,49.75
29/12/2016,49.554
30/12/2016,49.599
02/01/2017,49.645
03/01/2017,49.805
04/01/2017,49.685
05/01/2017,49.365
06/01/2017,49.525
09/01/2017,49.595
10/01/2017,49.505
11/01/2017,49.595
12/01/2017,49.67
13/01/2017,49.845
16/01/2017,49.92
17/01/2017,49.825
18/01/2017,50.029
19/01/2017,50.025
20/01/2017,49.995
23/01/2017,49.859
24/01/2017,49.825
25/01/2017,49.59
26/01/2017,49.8
27/01/2017,49.795
30/01/2017,49.746
31/01/2017,49.766
01/02/2017,49.83
02/02/2017,49.77
03/02/2017,49.699
06/02/2017,49.529
07/02/2017,49.77
08/02/2017,49.88
09/02/2017,49.929
10/02/2017,49.959
13/02/2017,49.95
14/02/2017,49.984
15/02/2017,49.907
16/02/2017,49.999
17/02/2017,50.065
20/02/2017,50.334
21/02/2017,50.27
22/02/2017,50.277
23/02/2017,50.209
24/02/2017,50.2
27/02/2017,50.254
28/02/2017,50.27
01/03/2017,50.309
02/03/2017,50.309
03/03/2017,50.276
06/03/2017,50.294
07/03/2017,50.334
08/03/2017,50.325
09/03/2017,50.334
10/03/2017,50.259
13/03/2017,50.324
14/03/2017,50.359
15/03/2017,50.105
16/03/2017,50.13
17/03/2017,50.209
20/03/2017,50.078
21/03/2017,50.179
22/03/2017,50.309
23/03/2017,50.414
24/03/2017,50.206
27/03/2017,50.107
28/03/2017,50.202
29/03/2017,50.203
30/03/2017,50.2
31/03/2017,50.179
03/04/2017,50.191
04/04/2017,50.191
05/04/2017,50.169
06/04/2017,50.185
07/04/2017,49.8
10/04/2017,49.594
11/04/2017,49.562
12/04/2017,49.345
13/04/2017,49.49
14/04/2017,49.505
17/04/2017,49.56
18/04/2017,49.626
19/04/2017,49.791
20/04/2017,49.819
21/04/2017,49.84
24/04/2017,49.767
25/04/2017,49.669
26/04/2017,49.944
27/04/2017,50.035
28/04/2017,50.212
01/05/2017,50.145
02/05/2017,49.999
03/05/2017,49.99
04/05/2017,49.885
05/05/2017,49.844
08/05/2017,49.926
09/05/2017,50.01
10/05/2017,49.946
11/05/2017,49.913
12/05/2017,49.676
15/05/2017,49.7
16/05/2017,49.69
17/05/2017,49.75
18/05/2017,49.794
19/05/2017,49.646
22/05/2017,49.749
23/05/2017,49.844
24/05/2017,49.983
25/05/2017,49.819
26/05/2017,49.777
29/05/2017,49.819
30/05/2017,49.812
31/05/2017,49.776
01/06/2017,49.795
02/06/2017,49.355
05/06/2017,49.368
06/06/2017,49.458
07/06/2017,49.489
08/06/2017,49.52
09/06/2017,49.53
12/06/2017,49.594
13/06/2017,49.533
14/06/2017,49.523
15/06/2017,49.835
16/06/2017,49.875
19/06/2017,50.038
20/06/2017,50.212
21/06/2017,50.344
22/06/2017,50.346
23/06/2017,50.11
26/06/2017,50.14
27/06/2017,50.382
28/06/2017,50.505
29/06/2017,50.55
30/06/2017,50.459
03/07/2017,50.553
04/07/2017,50.539
05/07/2017,50.63
06/07/2017,50.703
07/07/2017,50.58
10/07/2017,50.69
11/07/2017,50.704
12/07/2017,50.465
13/07/2017,50.574
14/07/2017,50.63
17/07/2017,50.702
18/07/2017,50.746
19/07/2017,50.834
20/07/2017,50.675
21/07/2017,50.719
24/07/2017,50.717
25/07/2017,50.592
26/07/2017,50.633
27/07/2017,50.532
28/07/2017,50.542
31/07/2017,50.459
01/08/2017,50.419
02/08/2017,50.371
03/08/2017,50.3
04/08/2017,50.305
07/08/2017,50.42
08/08/2017,50.555
09/08/2017,50.635
10/08/2017,50.959
11/08/2017,51.011
14/08/2017,51.261
15/08/2017,51.498
16/08/2017,51.285
17/08/2017,51.4
18/08/2017,51.426
21/08/2017,51.417
22/08/2017,51.334
23/08/2017,51.217
24/08/2017,51.017
25/08/2017,51.086
28/08/2017,51.047
29/08/2017,51.192
30/08/2017,51.24
31/08/2017,51.16
01/09/2017,51.074
04/09/2017,51.175
05/09/2017,51.078
06/09/2017,51.05
07/09/2017,50.665
08/09/2017,50.875
11/09/2017,50.94
12/09/2017,50.91
13/09/2017,51.041
14/09/2017,51.275
15/09/2017,51.289
18/09/2017,51.115
19/09/2017,51.093
20/09/2017,50.969
21/09/2017,51.059
22/09/2017,50.69
25/09/2017,50.687
26/09/2017,50.901
27/09/2017,50.98
28/09/2017,50.825
29/09/2017,50.89
02/10/2017,51.196
03/10/2017,51.066
04/10/2017,50.991
05/10/2017,51.16
06/10/2017,51.15
09/10/2017,51.23
10/10/2017,51.451
11/10/2017,51.405
12/10/2017,51.485
13/10/2017,51.15
16/10/2017,51.242
17/10/2017,51.377
18/10/2017,51.457
19/10/2017,51.469
20/10/2017,51.515
23/10/2017,51.52
24/10/2017,51.796
25/10/2017,51.736
26/10/2017,51.98
27/10/2017,51.599
30/10/2017,51.642
31/10/2017,51.612
01/11/2017,51.58
02/11/2017,51.37
03/11/2017,51.26
06/11/2017,51.127
07/11/2017,51.405
08/11/2017,51.26
09/11/2017,51.279
10/11/2017,51.237
13/11/2017,51.197
14/11/2017,51.215
15/11/2017,50.828
16/11/2017,50.71
17/11/2017,50.819
20/11/2017,50.779
21/11/2017,50.595
22/11/2017,50.499
23/11/2017,50.505
24/11/2017,50.629
27/11/2017,50.283
28/11/2017,50.289
29/11/2017,50.3
30/11/2017,50.352
01/12/2017,50.263
04/12/2017,50.631
05/12/2017,50.642
06/12/2017,50.724
07/12/2017,50.625
08/12/2017,50.475
11/12/2017,50.364
12/12/2017,50.438
13/12/2017,50.342
14/12/2017,50.465
15/12/2017,50.43
18/12/2017,50.372
19/12/2017,50.253
20/12/2017,50.125
21/12/2017,50.193
22/12/2017,50
25/12/2017,49.928
26/12/2017,49.934
27/12/2017,49.998
28/12/2017,50.01
29/12/2017,50.014
01/01/2018,49.919
02/01/2018,49.819
03/01/2018,49.819
04/01/2018,49.877
05/01/2018,49.779
08/01/2018,50.173
09/01/2018,50.358
10/01/2018,50.492
11/01/2018,50.367
12/01/2018,50.34
15/01/2018,50.368
16/01/2018,50.568
17/01/2018,50.754
18/01/2018,50.795
19/01/2018,50.712
22/01/2018,51.01
23/01/2018,51.099
24/01/2018,50.782
25/01/2018,50.965
26/01/2018,50.981
29/01/2018,51.279
30/01/2018,51.395
31/01/2018,51.365
01/02/2018,51.605
02/02/2018,51.655
05/02/2018,51.673
06/02/2018,51.421
07/02/2018,51.178